2012.05.01,00:00,80.91950,80.93400,80.89500,80.89500,313
2012.05.01,00:01,80.89500,80.89850,80.89200,80.89200,65
2012.05.01,00:02,80.89200,80.89500,80.87300,80.87300,152
2012.05.01,00:03,80.87300,80.87300,80.83850,80.85100,207
2012.05.01,00:04,80.85050,80.85950,80.84800,80.85750,85
2012.05.01,00:05,80.85950,80.86400,80.85850,80.85850,83
2012.05.01,00:06,80.85850,80.86000,80.85500,80.85500,24
2012.05.01,00:07,80.85400,80.85400,80.83400,80.83400,165
2012.05.01,00:08,80.83650,80.83700,80.82500,80.82750,172
2012.05.01,00:09,80.82700,80.83500,80.81450,80.82350,285
2012.05.01,00:10,80.82450,80.83150,80.82200,80.82800,128
2012.05.01,00:11,80.82800,80.82800,80.82550,80.82550,31
2012.05.01,00:12,80.82700,80.82700,80.82100,80.82450,44
2012.05.01,00:13,80.82400,80.82700,80.82400,80.82400,22
2012.05.01,00:14,80.82400,80.83550,80.82400,80.83000,53
2012.05.01,00:15,80.83000,80.83650,80.82650,80.83100,148
2012.05.01,00:16,80.82900,80.84150,80.82900,80.83900,88
2012.05.01,00:17,80.83700,80.83700,80.83050,80.83050,52
2012.05.01,00:18,80.82950,80.84400,80.82900,80.83400,126
2012.05.01,00:19,80.83300,80.83650,80.83300,80.83650,51
2012.05.01,00:20,80.83850,80.85350,80.83600,80.85350,112
2012.05.01,00:21,80.85350,80.87550,80.85250,80.87300,165
2012.05.01,00:22,80.87400,80.88700,80.87100,80.88000,122
2012.05.01,00:23,80.88000,80.88300,80.87950,80.88000,106
2012.05.01,00:24,80.88000,80.88000,80.87700,80.87700,36
2012.05.01,00:25,80.87700,80.89500,80.85700,80.85700,244
2012.05.01,00:26,80.85550,80.86000,80.85100,80.85300,154
2012.05.01,00:27,80.85500,80.85750,80.84850,80.84850,64
2012.05.01,00:28,80.84750,80.84750,80.84150,80.84600,68
2012.05.01,00:29,80.84600,80.84600,80.84000,80.84300,82
2012.05.01,00:30,80.84450,80.84850,80.84300,80.84600,90
2012.05.01,00:31,80.84600,80.85200,80.84600,80.85200,53
2012.05.01,00:32,80.85200,80.85800,80.85200,80.85500,41
2012.05.01,00:33,80.85500,80.85500,80.85400,80.85400,11
2012.05.01,00:34,80.85500,80.85850,80.85400,80.85600,50
2012.05.01,00:35,80.85600,80.85600,80.85000,80.85050,34
2012.05.01,00:36,80.85050,80.85400,80.83850,80.84350,98
2012.05.01,00:37,80.84400,80.84700,80.84100,80.84700,64
2012.05.01,00:38,80.84550,80.85600,80.84550,80.85300,96
2012.05.01,00:39,80.85300,80.86300,80.85300,80.86300,71
2012.05.01,00:40,80.86300,80.86300,80.86000,80.86000,24
2012.05.01,00:41,80.86000,80.86300,80.85800,80.85950,35
2012.05.01,00:42,80.85700,80.85950,80.85550,80.85550,49
2012.05.01,00:43,80.85600,80.85800,80.85300,80.85300,21
2012.05.01,00:44,80.85000,80.85300,80.84200,80.85300,122
2012.05.01,00:45,80.85300,80.85650,80.85050,80.85400,52
2012.05.01,00:46,80.85400,80.85400,80.81800,80.83300,187
2012.05.01,00:47,80.83500,80.84050,80.83500,80.84050,78
2012.05.01,00:48,80.84300,80.84800,80.83700,80.83700,72
2012.05.01,00:49,80.83700,80.85800,80.83400,80.84250,217
2012.05.01,00:50,80.84050,80.86050,80.83900,80.84700,177
2012.05.01,00:51,80.85000,80.85450,80.84100,80.85400,260
2012.05.01,00:52,80.85600,80.87200,80.85600,80.86200,104
2012.05.01,00:53,80.85900,80.86550,80.85300,80.85300,112
2012.05.01,00:54,80.85250,80.85250,80.81350,80.81400,140
2012.05.01,00:55,80.81400,80.81400,80.76900,80.77750,370
2012.05.01,00:56,80.77850,80.78600,80.77550,80.78400,154
2012.05.01,00:57,80.78400,80.79500,80.78400,80.79500,130
2012.05.01,00:58,80.79200,80.79500,80.78850,80.79300,166
2012.05.01,00:59,80.79300,80.79600,80.78400,80.78400,201
2012.05.01,01:00,80.79200,80.81600,80.78400,80.81400,249
2012.05.01,01:01,80.81400,80.83000,80.80900,80.82550,270
2012.05.01,01:02,80.82550,80.83350,80.81650,80.83350,181
2012.05.01,01:03,80.83450,80.83450,80.82500,80.82850,80
2012.05.01,01:04,80.82850,80.82850,80.82350,80.82400,78
2012.05.01,01:05,80.82400,80.83050,80.81500,80.82500,183
2012.05.01,01:06,80.82700,80.86000,80.82700,80.83850,288
2012.05.01,01:07,80.83850,80.85000,80.82600,80.82600,235
2012.05.01,01:08,80.82600,80.82800,80.81850,80.82400,101
2012.05.01,01:09,80.82400,80.82700,80.82400,80.82400,61
2012.05.01,01:10,80.82400,80.82500,80.81350,80.81350,116
2012.05.01,01:11,80.81350,80.81350,80.80800,80.80900,81
2012.05.01,01:12,80.80800,80.81100,80.80800,80.80800,51
2012.05.01,01:13,80.80800,80.82500,80.80500,80.81900,121
2012.05.01,01:14,80.81800,80.81900,80.81800,80.81900,20
2012.05.01,01:15,80.81950,80.82100,80.81750,80.81900,48
2012.05.01,01:16,80.81850,80.81900,80.81400,80.81650,100
2012.05.01,01:17,80.81400,80.81700,80.81400,80.81700,49
2012.05.01,01:18,80.82000,80.82000,80.81700,80.81700,23
2012.05.01,01:19,80.81950,80.82400,80.81700,80.82400,85
2012.05.01,01:20,80.82400,80.83850,80.82400,80.83300,186
2012.05.01,01:21,80.83300,80.83700,80.83000,80.83200,89
2012.05.01,01:22,80.83200,80.83200,80.82400,80.82700,65
2012.05.01,01:23,80.83000,80.83900,80.83000,80.83900,49
2012.05.01,01:24,80.83900,80.84500,80.83200,80.83500,84
2012.05.01,01:25,80.83500,80.85100,80.83450,80.84900,109
2012.05.01,01:26,80.84700,80.84900,80.83550,80.84100,152
2012.05.01,01:27,80.84100,80.84100,80.83750,80.83750,56
2012.05.01,01:28,80.83750,80.83750,80.83500,80.83500,36
2012.05.01,01:29,80.83200,80.83450,80.82800,80.83450,92
2012.05.01,01:30,80.83450,80.83500,80.81250,80.82000,157
2012.05.01,01:31,80.82000,80.82800,80.81150,80.82700,182
2012.05.01,01:32,80.82750,80.83100,80.82450,80.82750,130
2012.05.01,01:33,80.82750,80.82950,80.82100,80.82250,121
2012.05.01,01:34,80.82500,80.82500,80.80600,80.80900,157
2012.05.01,01:35,80.80900,80.81400,80.80400,80.80400,74
2012.05.01,01:36,80.80400,80.81650,80.80000,80.81300,170
2012.05.01,01:37,80.81000,80.81000,80.79700,80.79850,99
2012.05.01,01:38,80.80100,80.81700,80.80100,80.80750,101
2012.05.01,01:39,80.80800,80.81550,80.79650,80.81550,158
2012.05.01,01:40,80.81550,80.81950,80.80900,80.81700,176
2012.05.01,01:41,80.81450,80.82000,80.81100,80.81850,64
2012.05.01,01:42,80.81600,80.82200,80.81450,80.81450,81
2012.05.01,01:43,80.81300,80.81300,80.80400,80.80400,86
2012.05.01,01:44,80.80100,80.80250,80.78550,80.78700,119
2012.05.01,01:45,80.79000,80.80550,80.79000,80.80250,87
2012.05.01,01:46,80.80250,80.80400,80.79650,80.79950,84
2012.05.01,01:47,80.80200,80.82900,80.80200,80.81800,206
2012.05.01,01:48,80.81800,80.83100,80.81500,80.83100,135
2012.05.01,01:49,80.83100,80.87600,80.83050,80.84100,374
2012.05.01,01:50,80.84350,80.84750,80.83600,80.84100,178
2012.05.01,01:51,80.84100,80.84800,80.83300,80.84800,149
2012.05.01,01:52,80.84800,80.85700,80.84800,80.84900,62
2012.05.01,01:53,80.84800,80.85100,80.84700,80.84950,69
2012.05.01,01:54,80.84950,80.85250,80.84950,80.85100,38
2012.05.01,01:55,80.85100,80.85100,80.84750,80.84800,42
2012.05.01,01:56,80.84800,80.85800,80.84750,80.85800,103
2012.05.01,01:57,80.85800,80.85800,80.84950,80.85200,65
2012.05.01,01:58,80.85150,80.86450,80.84900,80.86300,150
2012.05.01,01:59,80.86300,80.86300,80.86000,80.86300,38
2012.05.01,02:00,80.86300,80.86600,80.86150,80.86300,67
2012.05.01,02:01,80.86300,80.86950,80.85900,80.86100,137
2012.05.01,02:02,80.85950,80.86100,80.85600,80.85800,23
2012.05.01,02:03,80.86100,80.86100,80.85850,80.86100,37
2012.05.01,02:04,80.86100,80.86100,80.84150,80.84500,116
2012.05.01,02:05,80.84800,80.84800,80.83600,80.83600,57
2012.05.01,02:06,80.83600,80.83900,80.82800,80.83600,74
2012.05.01,02:07,80.83600,80.84150,80.83600,80.84000,71
2012.05.01,02:08,80.84300,80.84400,80.84000,80.84000,63
2012.05.01,02:09,80.84300,80.84600,80.83950,80.83950,53
2012.05.01,02:10,80.84100,80.84100,80.83100,80.83200,102
2012.05.01,02:11,80.83100,80.83300,80.82500,80.83300,69
2012.05.01,02:12,80.83300,80.84850,80.83300,80.84850,96
2012.05.01,02:13,80.85050,80.85500,80.85050,80.85500,54
2012.05.01,02:14,80.85750,80.86000,80.85750,80.86000,27
2012.05.01,02:15,80.86250,80.86500,80.85950,80.86300,63
2012.05.01,02:16,80.86300,80.86600,80.86300,80.86600,28
2012.05.01,02:17,80.86300,80.86600,80.86100,80.86100,24
2012.05.01,02:18,80.86300,80.86700,80.86300,80.86700,34
2012.05.01,02:19,80.86800,80.86800,80.85900,80.86200,114
2012.05.01,02:20,80.86500,80.87000,80.86250,80.87000,40
2012.05.01,02:21,80.87000,80.88050,80.86900,80.87350,100
2012.05.01,02:22,80.87200,80.87550,80.86700,80.87500,87
2012.05.01,02:23,80.87500,80.87500,80.86900,80.87150,49
2012.05.01,02:24,80.87400,80.87400,80.86750,80.86900,125
2012.05.01,02:25,80.87200,80.87500,80.85200,80.86050,77
2012.05.01,02:26,80.85800,80.86250,80.85400,80.85700,84
2012.05.01,02:27,80.85500,80.85500,80.83050,80.83050,238
2012.05.01,02:28,80.83050,80.85100,80.82550,80.84700,239
2012.05.01,02:29,80.84550,80.86300,80.84550,80.86300,109
2012.05.01,02:30,80.86550,80.87600,80.86550,80.86950,126
2012.05.01,02:31,80.86750,80.88100,80.86450,80.87100,160
2012.05.01,02:32,80.87200,80.88600,80.86900,80.88000,108
2012.05.01,02:33,80.87950,80.88000,80.87400,80.87400,52
2012.05.01,02:34,80.87450,80.88900,80.87450,80.88000,166
2012.05.01,02:35,80.88000,80.88800,80.87700,80.88300,167
2012.05.01,02:36,80.88300,80.89550,80.88050,80.89200,136
2012.05.01,02:37,80.89000,80.89000,80.88300,80.88400,62
2012.05.01,02:38,80.88400,80.88950,80.88300,80.88450,62
2012.05.01,02:39,80.88450,80.88900,80.87600,80.88900,126
2012.05.01,02:40,80.88700,80.89800,80.88700,80.89450,68
2012.05.01,02:41,80.89450,80.89450,80.88500,80.88650,26
2012.05.01,02:42,80.88450,80.88650,80.88150,80.88250,53
2012.05.01,02:43,80.88200,80.88700,80.87300,80.87300,77
2012.05.01,02:44,80.87300,80.87300,80.86800,80.86800,72
2012.05.01,02:45,80.86800,80.87000,80.85800,80.85950,135
2012.05.01,02:46,80.86250,80.86300,80.84400,80.84400,91
2012.05.01,02:47,80.84100,80.84100,80.83800,80.84050,41
2012.05.01,02:48,80.83900,80.84200,80.83900,80.84150,70
2012.05.01,02:49,80.84050,80.84050,80.83550,80.83600,49
2012.05.01,02:50,80.83600,80.86100,80.83600,80.86100,229
2012.05.01,02:51,80.86100,80.86100,80.84600,80.85350,149
2012.05.01,02:52,80.85350,80.85400,80.84650,80.84950,130
2012.05.01,02:53,80.85100,80.86350,80.84700,80.86350,79
2012.05.01,02:54,80.86450,80.87450,80.86300,80.86300,125
2012.05.01,02:55,80.86600,80.86600,80.85500,80.85500,74
2012.05.01,02:56,80.85500,80.86100,80.85400,80.85400,31
2012.05.01,02:57,80.85400,80.85650,80.85400,80.85650,8
2012.05.01,02:58,80.85700,80.85700,80.85400,80.85400,23
2012.05.01,02:59,80.85150,80.85150,80.84200,80.84200,22
2012.05.01,03:00,80.84200,80.84650,80.84200,80.84300,31
2012.05.01,03:01,80.84300,80.84950,80.84000,80.84000,84
2012.05.01,03:02,80.84000,80.84750,80.84000,80.84750,60
2012.05.01,03:03,80.84750,80.85050,80.84300,80.84800,69
2012.05.01,03:04,80.84950,80.85600,80.84950,80.85350,53
2012.05.01,03:05,80.85350,80.85600,80.84700,80.84700,99
2012.05.01,03:06,80.84700,80.85750,80.84700,80.85700,51
2012.05.01,03:07,80.85700,80.85700,80.85400,80.85400,16
2012.05.01,03:08,80.85050,80.85300,80.85000,80.85000,29
2012.05.01,03:09,80.85000,80.85000,80.84400,80.84400,17
2012.05.01,03:10,80.84500,80.84550,80.84300,80.84300,24
2012.05.01,03:11,80.84350,80.84450,80.84100,80.84400,100
2012.05.01,03:12,80.84150,80.84300,80.83900,80.84300,27
2012.05.01,03:13,80.84300,80.84600,80.83150,80.83400,94
2012.05.01,03:14,80.83400,80.83400,80.82350,80.82350,106
2012.05.01,03:15,80.82250,80.82450,80.81900,80.82300,81
2012.05.01,03:16,80.82300,80.83600,80.82300,80.83600,62
2012.05.01,03:17,80.83600,80.83800,80.83200,80.83500,43
2012.05.01,03:18,80.83500,80.84100,80.83500,80.84100,24
2012.05.01,03:19,80.84100,80.84400,80.83800,80.84100,48
2012.05.01,03:20,80.84400,80.84400,80.83800,80.84350,90
2012.05.01,03:21,80.84350,80.84800,80.84000,80.84800,84
2012.05.01,03:22,80.84750,80.84800,80.84750,80.84750,9
2012.05.01,03:23,80.84750,80.84750,80.84100,80.84100,30
2012.05.01,03:24,80.84400,80.84400,80.83200,80.83200,36
2012.05.01,03:25,80.83500,80.83500,80.82900,80.83200,30
2012.05.01,03:26,80.83200,80.83450,80.82650,80.83200,38
2012.05.01,03:27,80.83350,80.83350,80.83200,80.83200,7
2012.05.01,03:28,80.83200,80.83500,80.83100,80.83200,45
2012.05.01,03:29,80.83200,80.83200,80.82900,80.82900,16
2012.05.01,03:30,80.82900,80.82900,80.81800,80.82100,97
2012.05.01,03:31,80.82150,80.82300,80.81450,80.82250,95
2012.05.01,03:32,80.82200,80.82750,80.82000,80.82750,73
2012.05.01,03:33,80.82750,80.82750,80.82250,80.82250,17
2012.05.01,03:34,80.82300,80.82900,80.82300,80.82650,15
2012.05.01,03:35,80.82450,80.82700,80.82300,80.82500,50
2012.05.01,03:36,80.82400,80.83400,80.82250,80.83350,93
2012.05.01,03:37,80.83400,80.84500,80.83200,80.84050,66
2012.05.01,03:38,80.83850,80.83900,80.83100,80.83150,90
2012.05.01,03:39,80.83050,80.84100,80.83000,80.83300,61
2012.05.01,03:40,80.83500,80.83500,80.83000,80.83200,44
2012.05.01,03:41,80.83000,80.83550,80.83000,80.83050,55
2012.05.01,03:42,80.83050,80.83100,80.82800,80.82800,57
2012.05.01,03:43,80.82800,80.82800,80.81200,80.81700,164
2012.05.01,03:44,80.81500,80.81600,80.80900,80.81050,109
2012.05.01,03:45,80.81300,80.81300,80.79900,80.79900,108
2012.05.01,03:46,80.79900,80.80500,80.79300,80.80250,126
2012.05.01,03:47,80.80250,80.80750,80.79650,80.80750,97
2012.05.01,03:48,80.80500,80.80500,80.79050,80.79850,117
2012.05.01,03:49,80.79850,80.80100,80.79200,80.79450,85
2012.05.01,03:50,80.79450,80.79800,80.79450,80.79500,24
2012.05.01,03:51,80.79500,80.79800,80.79500,80.79600,44
2012.05.01,03:52,80.79600,80.79900,80.79500,80.79700,40
2012.05.01,03:53,80.79700,80.79700,80.79450,80.79650,59
2012.05.01,03:54,80.79650,80.79650,80.79100,80.79150,47
2012.05.01,03:55,80.79000,80.80800,80.78800,80.80700,102
2012.05.01,03:56,80.80750,80.81450,80.80600,80.81150,127
2012.05.01,03:57,80.81500,80.82250,80.81200,80.81200,81
2012.05.01,03:58,80.81200,80.81200,80.80900,80.81150,63
2012.05.01,03:59,80.80900,80.80900,80.80600,80.80600,28
2012.05.01,04:00,80.80850,80.81100,80.80600,80.80600,21
2012.05.01,04:01,80.80600,80.80600,80.80350,80.80400,36
2012.05.01,04:02,80.80400,80.81500,80.80400,80.80900,59
2012.05.01,04:03,80.80600,80.80600,80.80450,80.80450,23
2012.05.01,04:04,80.80600,80.80600,80.79500,80.79500,53
2012.05.01,04:05,80.79500,80.81350,80.79500,80.80800,184
2012.05.01,04:06,80.80800,80.81200,80.80050,80.80900,250
2012.05.01,04:07,80.80900,80.81500,80.80200,80.80300,119
2012.05.01,04:08,80.80300,80.80800,80.79900,80.80500,119
2012.05.01,04:09,80.80700,80.80700,80.79150,80.79500,102
2012.05.01,04:10,80.79500,80.79500,80.77700,80.77900,92
2012.05.01,04:11,80.77850,80.77900,80.77650,80.77650,36
2012.05.01,04:12,80.77900,80.78400,80.77650,80.78300,79
2012.05.01,04:13,80.78300,80.78300,80.78050,80.78300,62
2012.05.01,04:14,80.78300,80.78300,80.77600,80.78150,76
2012.05.01,04:15,80.77900,80.78600,80.77900,80.78400,89
2012.05.01,04:16,80.78150,80.79900,80.78100,80.79900,97
2012.05.01,04:17,80.79900,80.80450,80.79050,80.79050,109
2012.05.01,04:18,80.79400,80.79400,80.77450,80.78000,114
2012.05.01,04:19,80.77750,80.78000,80.77400,80.77650,26
2012.05.01,04:20,80.77650,80.78350,80.77650,80.78350,54
2012.05.01,04:21,80.78250,80.79100,80.78250,80.79100,53
2012.05.01,04:22,80.78950,80.79100,80.78700,80.79000,93
2012.05.01,04:23,80.78700,80.79400,80.78400,80.79300,42
2012.05.01,04:24,80.79300,80.79300,80.76600,80.78100,143
2012.05.01,04:25,80.78300,80.80400,80.78300,80.80400,186
2012.05.01,04:26,80.80300,80.81050,80.79750,80.80800,113
2012.05.01,04:27,80.80800,80.81650,80.80800,80.81400,55
2012.05.01,04:28,80.81350,80.81900,80.80300,80.80300,148
2012.05.01,04:29,80.80300,80.83100,80.80300,80.82700,222
2012.05.01,04:30,80.82700,80.83550,80.75950,80.79200,375
2012.05.01,04:31,80.78900,80.78900,80.74850,80.77100,541
2012.05.01,04:32,80.77100,80.78250,80.76650,80.77600,349
2012.05.01,04:33,80.77600,80.78700,80.76750,80.78250,272
2012.05.01,04:34,80.78250,80.80550,80.78250,80.80300,217
2012.05.01,04:35,80.80000,80.80600,80.78300,80.78900,437
2012.05.01,04:36,80.78900,80.80650,80.78650,80.80650,259
2012.05.01,04:37,80.80650,80.82800,80.80250,80.81200,137
2012.05.01,04:38,80.80950,80.80950,80.79750,80.79900,157
2012.05.01,04:39,80.79900,80.80100,80.79250,80.80100,127
2012.05.01,04:40,80.80050,80.82400,80.79800,80.81550,178
2012.05.01,04:41,80.81550,80.82500,80.80100,80.81900,168
2012.05.01,04:42,80.81900,80.84550,80.81850,80.84000,183
2012.05.01,04:43,80.84050,80.85150,80.82000,80.83600,204
2012.05.01,04:44,80.83300,80.85400,80.83300,80.85150,205
2012.05.01,04:45,80.85000,80.87100,80.84000,80.84000,316
2012.05.01,04:46,80.83400,80.84500,80.83200,80.83450,265
2012.05.01,04:47,80.83700,80.84350,80.82500,80.83800,239
2012.05.01,04:48,80.83500,80.83550,80.80750,80.80750,165
2012.05.01,04:49,80.80600,80.81100,80.79550,80.79550,180
2012.05.01,04:50,80.79500,80.80650,80.79150,80.80650,117
2012.05.01,04:51,80.80400,80.80700,80.79250,80.79250,162
2012.05.01,04:52,80.79000,80.79950,80.79000,80.79450,100
2012.05.01,04:53,80.79400,80.79600,80.78950,80.79200,46
2012.05.01,04:54,80.79200,80.79950,80.77450,80.77450,190
2012.05.01,04:55,80.77550,80.77550,80.77100,80.77100,73
2012.05.01,04:56,80.77150,80.77400,80.76800,80.77400,49
2012.05.01,04:57,80.77400,80.77400,80.76550,80.76550,47
2012.05.01,04:58,80.76650,80.76700,80.75600,80.75600,125
2012.05.01,04:59,80.75600,80.75800,80.73900,80.73900,172
2012.05.01,05:00,80.73750,80.73900,80.68800,80.68800,450
2012.05.01,05:01,80.68800,80.69900,80.68500,80.69300,212
2012.05.01,05:02,80.69500,80.70650,80.68800,80.68800,252
2012.05.01,05:03,80.68800,80.69400,80.65750,80.66200,373
2012.05.01,05:04,80.66200,80.66500,80.61000,80.61500,395
2012.05.01,05:05,80.61700,80.63000,80.56000,80.60150,428
2012.05.01,05:06,80.60300,80.60750,80.57400,80.58100,382
2012.05.01,05:07,80.58100,80.61750,80.57500,80.60400,395
2012.05.01,05:08,80.60350,80.63100,80.59700,80.61400,307
2012.05.01,05:09,80.61400,80.62050,80.60100,80.60100,91
2012.05.01,05:10,80.60100,80.61400,80.57350,80.61300,273
2012.05.01,05:11,80.61050,80.61050,80.59800,80.59800,119
2012.05.01,05:12,80.59850,80.61100,80.59850,80.61050,214
2012.05.01,05:13,80.61000,80.61700,80.60800,80.61700,116
2012.05.01,05:14,80.62300,80.64100,80.62000,80.64100,155
2012.05.01,05:15,80.64400,80.67150,80.64400,80.66500,214
2012.05.01,05:16,80.66750,80.67000,80.65950,80.65950,111
2012.05.01,05:17,80.65750,80.65750,80.63050,80.63100,187
2012.05.01,05:18,80.63100,80.63500,80.60800,80.60800,152
2012.05.01,05:19,80.61050,80.62350,80.60800,80.61100,186
2012.05.01,05:20,80.60800,80.64700,80.60800,80.64450,233
2012.05.01,05:21,80.64700,80.66150,80.64000,80.65100,256
2012.05.01,05:22,80.65050,80.65100,80.64200,80.64500,43
2012.05.01,05:23,80.64500,80.64950,80.63500,80.64950,106
2012.05.01,05:24,80.64950,80.65000,80.64700,80.65000,40
2012.05.01,05:25,80.65000,80.65000,80.63100,80.63600,130
2012.05.01,05:26,80.63900,80.64100,80.63050,80.63350,127
2012.05.01,05:27,80.63350,80.63350,80.62700,80.62950,102
2012.05.01,05:28,80.62950,80.63300,80.62500,80.63250,128
2012.05.01,05:29,80.63000,80.63400,80.62850,80.63100,66
2012.05.01,05:30,80.63050,80.63650,80.62100,80.63650,220
2012.05.01,05:31,80.63500,80.65350,80.63500,80.65050,106
2012.05.01,05:32,80.65050,80.66900,80.65050,80.66600,132
2012.05.01,05:33,80.66600,80.66650,80.65350,80.65550,151
2012.05.01,05:34,80.65550,80.66650,80.65100,80.66650,118
2012.05.01,05:35,80.66650,80.66950,80.65150,80.65450,234
2012.05.01,05:36,80.65250,80.66850,80.65150,80.66450,170
2012.05.01,05:37,80.66250,80.66650,80.65700,80.66100,141
2012.05.01,05:38,80.66250,80.66450,80.65700,80.66050,83
2012.05.01,05:39,80.66050,80.66250,80.64950,80.64950,73
2012.05.01,05:40,80.64750,80.66350,80.64700,80.66350,211
2012.05.01,05:41,80.66500,80.67350,80.65650,80.66150,158
2012.05.01,05:42,80.65950,80.66850,80.65950,80.66500,103
2012.05.01,05:43,80.66550,80.67000,80.66200,80.67000,218
2012.05.01,05:44,80.66850,80.67050,80.64650,80.66550,163
2012.05.01,05:45,80.66550,80.66950,80.64850,80.65050,163
2012.05.01,05:46,80.65050,80.65050,80.63600,80.63700,170
2012.05.01,05:47,80.63750,80.64250,80.63350,80.63800,200
2012.05.01,05:48,80.63650,80.64050,80.63400,80.63500,123
2012.05.01,05:49,80.63300,80.64350,80.63300,80.63700,112
2012.05.01,05:50,80.63900,80.65250,80.63900,80.65150,213
2012.05.01,05:51,80.65000,80.67100,80.65000,80.67050,213
2012.05.01,05:52,80.67000,80.69850,80.67000,80.69350,252
2012.05.01,05:53,80.69250,80.70050,80.69050,80.69050,156
2012.05.01,05:54,80.68900,80.69500,80.68800,80.69300,231
2012.05.01,05:55,80.69300,80.69650,80.68900,80.69300,116
2012.05.01,05:56,80.69300,80.70400,80.68900,80.69000,176
2012.05.01,05:57,80.69200,80.69800,80.69000,80.69700,93
2012.05.01,05:58,80.69550,80.69800,80.69000,80.69800,108
2012.05.01,05:59,80.69600,80.70800,80.69500,80.70450,227
2012.05.01,06:00,80.70350,80.70400,80.68450,80.68450,179
2012.05.01,06:01,80.68500,80.69250,80.68500,80.68900,134
2012.05.01,06:02,80.68900,80.68900,80.68100,80.68100,140
2012.05.01,06:03,80.68100,80.68850,80.67850,80.67950,152
2012.05.01,06:04,80.67950,80.68550,80.67900,80.68200,107
2012.05.01,06:05,80.68300,80.68500,80.68250,80.68300,81
2012.05.01,06:06,80.68200,80.69300,80.68200,80.69300,112
2012.05.01,06:07,80.69300,80.71100,80.69300,80.70700,227
2012.05.01,06:08,80.70700,80.71350,80.70350,80.71050,125
2012.05.01,06:09,80.71300,80.71300,80.70200,80.70700,113
2012.05.01,06:10,80.70650,80.70650,80.68450,80.68600,205
2012.05.01,06:11,80.68500,80.68700,80.67450,80.67450,118
2012.05.01,06:12,80.67450,80.67600,80.66700,80.66850,118
2012.05.01,06:13,80.66800,80.67100,80.66250,80.66550,148
2012.05.01,06:14,80.66700,80.66700,80.64800,80.65150,180
2012.05.01,06:15,80.65150,80.66200,80.64350,80.65750,261
2012.05.01,06:16,80.65750,80.65750,80.65000,80.65600,179
2012.05.01,06:17,80.65600,80.66600,80.65600,80.66500,219
2012.05.01,06:18,80.66550,80.68400,80.66300,80.68300,198
2012.05.01,06:19,80.68200,80.68900,80.68000,80.68700,125
2012.05.01,06:20,80.68500,80.69100,80.68500,80.68500,85
2012.05.01,06:21,80.68500,80.68500,80.65100,80.65550,216
2012.05.01,06:22,80.65550,80.66050,80.65100,80.65600,234
2012.05.01,06:23,80.65800,80.66150,80.65250,80.65400,89
2012.05.01,06:24,80.65400,80.66000,80.64700,80.65700,117
2012.05.01,06:25,80.65550,80.66250,80.65500,80.65900,148
2012.05.01,06:26,80.66100,80.67100,80.65400,80.65400,227
2012.05.01,06:27,80.65600,80.65750,80.64900,80.64900,86
2012.05.01,06:28,80.64750,80.66100,80.64600,80.65500,218
2012.05.01,06:29,80.65550,80.66900,80.65450,80.66750,219
2012.05.01,06:30,80.66650,80.67500,80.66550,80.67300,145
2012.05.01,06:31,80.67100,80.68200,80.66900,80.66900,217
2012.05.01,06:32,80.66900,80.67300,80.65850,80.67050,315
2012.05.01,06:33,80.67100,80.67700,80.66600,80.67600,135
2012.05.01,06:34,80.67400,80.71600,80.67400,80.71000,192
2012.05.01,06:35,80.70950,80.71200,80.69250,80.70700,283
2012.05.01,06:36,80.70900,80.70900,80.68900,80.70300,121
2012.05.01,06:37,80.70100,80.70100,80.68400,80.68500,284
2012.05.01,06:38,80.68500,80.69150,80.67950,80.68250,214
2012.05.01,06:39,80.68150,80.69600,80.68150,80.69500,206
2012.05.01,06:40,80.69350,80.70500,80.69200,80.70100,319
2012.05.01,06:41,80.70400,80.70850,80.69600,80.70600,245
2012.05.01,06:42,80.70400,80.71400,80.70400,80.71100,332
2012.05.01,06:43,80.71050,80.72150,80.70800,80.72100,229
2012.05.01,06:44,80.72100,80.72450,80.71050,80.71200,347
2012.05.01,06:45,80.71200,80.71400,80.70400,80.70400,149
2012.05.01,06:46,80.70300,80.70600,80.69850,80.70300,208
2012.05.01,06:47,80.70100,80.70750,80.69400,80.69400,157
2012.05.01,06:48,80.69450,80.69450,80.68900,80.69000,196
2012.05.01,06:49,80.68900,80.69200,80.68850,80.69000,140
2012.05.01,06:50,80.69200,80.69200,80.68250,80.68400,148
2012.05.01,06:51,80.68350,80.69000,80.68200,80.68800,96
2012.05.01,06:52,80.68700,80.68700,80.67700,80.68100,127
2012.05.01,06:53,80.67950,80.68100,80.67600,80.68100,126
2012.05.01,06:54,80.67900,80.68200,80.67350,80.67350,110
2012.05.01,06:55,80.67300,80.67900,80.67300,80.67650,56
2012.05.01,06:56,80.67550,80.67650,80.67250,80.67600,80
2012.05.01,06:57,80.67500,80.68450,80.67400,80.68150,233
2012.05.01,06:58,80.68000,80.68650,80.67450,80.68000,358
2012.05.01,06:59,80.68150,80.68550,80.67350,80.68000,154
2012.05.01,07:00,80.68200,80.69300,80.68200,80.68500,190
2012.05.01,07:01,80.68500,80.68900,80.68100,80.68250,234
2012.05.01,07:02,80.68100,80.68400,80.66050,80.66150,333
2012.05.01,07:03,80.66300,80.66300,80.63450,80.64050,300
2012.05.01,07:04,80.64300,80.64300,80.61600,80.61850,384
2012.05.01,07:05,80.61700,80.62200,80.60400,80.60900,344
2012.05.01,07:06,80.60900,80.63850,80.60750,80.61400,408
2012.05.01,07:07,80.61550,80.62500,80.61300,80.62050,246
2012.05.01,07:08,80.62050,80.62050,80.61100,80.61800,225
2012.05.01,07:09,80.61600,80.61600,80.60600,80.60800,297
2012.05.01,07:10,80.60800,80.61850,80.59800,80.60300,383
2012.05.01,07:11,80.60100,80.61600,80.60100,80.60900,346
2012.05.01,07:12,80.60950,80.61350,80.60600,80.61350,216
2012.05.01,07:13,80.61400,80.62200,80.60700,80.62000,153
2012.05.01,07:14,80.62000,80.62650,80.61700,80.62250,250
2012.05.01,07:15,80.62500,80.62650,80.61000,80.61150,158
2012.05.01,07:16,80.61150,80.61750,80.60900,80.61500,225
2012.05.01,07:17,80.61250,80.61700,80.60650,80.61550,232
2012.05.01,07:18,80.61700,80.62300,80.61200,80.61800,157
2012.05.01,07:19,80.61800,80.62900,80.61800,80.62100,145
2012.05.01,07:20,80.62100,80.62850,80.61950,80.62300,174
2012.05.01,07:21,80.62300,80.64950,80.62200,80.64100,382
2012.05.01,07:22,80.64150,80.65050,80.62550,80.64500,386
2012.05.01,07:23,80.64450,80.66000,80.64400,80.65900,327
2012.05.01,07:24,80.65650,80.66550,80.65000,80.66400,332
2012.05.01,07:25,80.66400,80.67800,80.66150,80.67200,255
2012.05.01,07:26,80.67200,80.67200,80.66350,80.66500,224
2012.05.01,07:27,80.66350,80.67600,80.66000,80.66600,189
2012.05.01,07:28,80.66600,80.66900,80.65800,80.65800,166
2012.05.01,07:29,80.65900,80.66800,80.65750,80.65750,209
2012.05.01,07:30,80.66000,80.66700,80.65600,80.66300,169
2012.05.01,07:31,80.66300,80.66650,80.66300,80.66650,41
2012.05.01,07:32,80.66650,80.67500,80.66400,80.67350,102
2012.05.01,07:33,80.67350,80.67500,80.66450,80.67450,142
2012.05.01,07:34,80.67400,80.68150,80.67400,80.67800,136
2012.05.01,07:35,80.67950,80.68250,80.67700,80.67900,233
2012.05.01,07:36,80.68050,80.68250,80.66550,80.67300,256
2012.05.01,07:37,80.67400,80.68450,80.67400,80.67950,232
2012.05.01,07:38,80.67950,80.68800,80.67850,80.68500,209
2012.05.01,07:39,80.68850,80.69900,80.68550,80.68550,331
2012.05.01,07:40,80.68700,80.69100,80.68600,80.68850,200
2012.05.01,07:41,80.68800,80.69550,80.68000,80.69200,300
2012.05.01,07:42,80.69450,80.69800,80.68650,80.68800,227
2012.05.01,07:43,80.68800,80.68900,80.67750,80.67850,145
2012.05.01,07:44,80.67850,80.68500,80.67850,80.68450,198
2012.05.01,07:45,80.68450,80.68700,80.67350,80.67950,180
2012.05.01,07:46,80.67900,80.68300,80.67450,80.67850,126
2012.05.01,07:47,80.67800,80.68700,80.67800,80.68550,194
2012.05.01,07:48,80.68700,80.69500,80.68100,80.69500,166
2012.05.01,07:49,80.69500,80.69500,80.69000,80.69000,94
2012.05.01,07:50,80.69150,80.69700,80.69150,80.69400,131
2012.05.01,07:51,80.69400,80.69800,80.68950,80.69000,186
2012.05.01,07:52,80.68900,80.69500,80.68700,80.69050,209
2012.05.01,07:53,80.69050,80.69250,80.68750,80.69150,207
2012.05.01,07:54,80.69300,80.70450,80.69300,80.70400,147
2012.05.01,07:55,80.70400,80.71900,80.69950,80.71900,387
2012.05.01,07:56,80.71900,80.71900,80.71200,80.71400,170
2012.05.01,07:57,80.71300,80.71300,80.70400,80.71100,136
2012.05.01,07:58,80.71100,80.73600,80.71100,80.73600,211
2012.05.01,07:59,80.73600,80.73600,80.73200,80.73350,137
2012.05.01,08:00,80.73350,80.73650,80.73050,80.73500,164
2012.05.01,08:01,80.73500,80.73500,80.73100,80.73150,114
2012.05.01,08:02,80.73300,80.73600,80.72700,80.72750,239
2012.05.01,08:03,80.72750,80.72850,80.72750,80.72750,76
2012.05.01,08:04,80.72550,80.74850,80.71900,80.73800,255
2012.05.01,08:05,80.73750,80.75650,80.73650,80.75250,277
2012.05.01,08:06,80.75300,80.75800,80.74950,80.75200,245
2012.05.01,08:07,80.75350,80.75350,80.74800,80.74800,49
2012.05.01,08:08,80.75000,80.75400,80.74700,80.74950,163
2012.05.01,08:09,80.75050,80.75050,80.74500,80.74700,136
2012.05.01,08:10,80.74750,80.75200,80.74100,80.74200,119
2012.05.01,08:11,80.74100,80.74100,80.73300,80.73650,260
2012.05.01,08:12,80.73600,80.74350,80.73300,80.74000,206
2012.05.01,08:13,80.74100,80.74500,80.73700,80.73850,146
2012.05.01,08:14,80.73850,80.74400,80.73700,80.73800,167
2012.05.01,08:15,80.73800,80.75550,80.73750,80.75550,235
2012.05.01,08:16,80.75400,80.76050,80.75350,80.75750,182
2012.05.01,08:17,80.75650,80.76100,80.74800,80.74950,294
2012.05.01,08:18,80.74800,80.76050,80.74800,80.74950,225
2012.05.01,08:19,80.75000,80.76050,80.74650,80.74750,235
2012.05.01,08:20,80.75000,80.77050,80.75000,80.77050,152
2012.05.01,08:21,80.77300,80.77800,80.76800,80.77050,182
2012.05.01,08:22,80.77050,80.78150,80.76250,80.77800,207
2012.05.01,08:23,80.78000,80.78000,80.76700,80.76700,179
2012.05.01,08:24,80.76650,80.77200,80.76450,80.77100,155
2012.05.01,08:25,80.77250,80.78150,80.77100,80.77900,212
2012.05.01,08:26,80.77900,80.79200,80.77100,80.77100,274
2012.05.01,08:27,80.76850,80.76850,80.75900,80.76050,233
2012.05.01,08:28,80.76050,80.76600,80.74950,80.76050,345
2012.05.01,08:29,80.76050,80.76350,80.74800,80.75850,345
2012.05.01,08:30,80.75850,80.77500,80.75800,80.77450,442
2012.05.01,08:31,80.77450,80.77450,80.76050,80.76250,179
2012.05.01,08:32,80.76450,80.76450,80.75550,80.76150,128
2012.05.01,08:33,80.76350,80.77000,80.75800,80.76750,269
2012.05.01,08:34,80.76550,80.77800,80.76500,80.77550,252
2012.05.01,08:35,80.77600,80.79450,80.77600,80.78850,276
2012.05.01,08:36,80.78800,80.81950,80.77850,80.81950,264
2012.05.01,08:37,80.81900,80.82150,80.79900,80.81950,276
2012.05.01,08:38,80.81750,80.83250,80.81750,80.82900,193
2012.05.01,08:39,80.82800,80.83050,80.81850,80.82950,210
2012.05.01,08:40,80.83150,80.85450,80.81800,80.83050,387
2012.05.01,08:41,80.83050,80.83950,80.82850,80.83150,206
2012.05.01,08:42,80.83150,80.83550,80.81550,80.82150,228
2012.05.01,08:43,80.82150,80.82700,80.81950,80.82300,233
2012.05.01,08:44,80.82100,80.84450,80.81300,80.84050,359
2012.05.01,08:45,80.84050,80.84450,80.82950,80.83000,191
2012.05.01,08:46,80.83050,80.83050,80.82300,80.82300,143
2012.05.01,08:47,80.82350,80.82750,80.81900,80.81900,136
2012.05.01,08:48,80.82050,80.82750,80.81750,80.82350,183
2012.05.01,08:49,80.82250,80.82250,80.81950,80.82050,65
2012.05.01,08:50,80.82050,80.83750,80.82000,80.83550,176
2012.05.01,08:51,80.83450,80.85800,80.83450,80.85250,358
2012.05.01,08:52,80.85550,80.87650,80.85550,80.87200,395
2012.05.01,08:53,80.87350,80.87450,80.87150,80.87300,66
2012.05.01,08:54,80.87450,80.87500,80.86900,80.86950,195
2012.05.01,08:55,80.86950,80.87250,80.86750,80.87150,70
2012.05.01,08:56,80.87150,80.87200,80.86850,80.87000,112
2012.05.01,08:57,80.87000,80.87350,80.85050,80.85050,220
2012.05.01,08:58,80.85150,80.86450,80.85050,80.86450,193
2012.05.01,08:59,80.86250,80.86800,80.85100,80.85350,261
2012.05.01,09:00,80.85450,80.88200,80.85450,80.86900,235
2012.05.01,09:01,80.86750,80.87200,80.86250,80.86650,165
2012.05.01,09:02,80.86650,80.88000,80.86350,80.86550,222
2012.05.01,09:03,80.86550,80.88550,80.86100,80.88250,315
2012.05.01,09:04,80.88300,80.89050,80.88150,80.88650,268
2012.05.01,09:05,80.88500,80.88750,80.88250,80.88450,143
2012.05.01,09:06,80.88250,80.89050,80.87950,80.88950,217
2012.05.01,09:07,80.89100,80.91900,80.89100,80.91000,570
2012.05.01,09:08,80.91050,80.93800,80.90600,80.93400,353
2012.05.01,09:09,80.93400,80.93550,80.92600,80.92900,149
2012.05.01,09:10,80.92600,80.93100,80.91300,80.91300,165
2012.05.01,09:11,80.91300,80.92050,80.90900,80.91900,187
2012.05.01,09:12,80.91900,80.91900,80.89750,80.89850,227
2012.05.01,09:13,80.90000,80.91300,80.90000,80.90200,134
2012.05.01,09:14,80.90250,80.90250,80.88850,80.88850,114
2012.05.01,09:15,80.88600,80.88600,80.85650,80.85750,214
2012.05.01,09:16,80.85700,80.87350,80.85700,80.87250,209
2012.05.01,09:17,80.87050,80.88000,80.85700,80.85700,247
2012.05.01,09:18,80.85700,80.85850,80.84950,80.85150,162
2012.05.01,09:19,80.85350,80.85700,80.84550,80.84550,207
2012.05.01,09:20,80.84550,80.84700,80.83250,80.83450,174
2012.05.01,09:21,80.83450,80.84050,80.83050,80.84050,135
2012.05.01,09:22,80.84650,80.85150,80.84350,80.84650,136
2012.05.01,09:23,80.84450,80.84850,80.84050,80.84050,112
2012.05.01,09:24,80.83850,80.83850,80.83500,80.83650,165
2012.05.01,09:25,80.83850,80.84150,80.83850,80.84050,85
2012.05.01,09:26,80.83900,80.84350,80.83550,80.84350,173
2012.05.01,09:27,80.84150,80.87250,80.84150,80.87100,207
2012.05.01,09:28,80.87050,80.89450,80.86700,80.89350,224
2012.05.01,09:29,80.89350,80.89800,80.88350,80.88350,126
2012.05.01,09:30,80.88550,80.88550,80.87200,80.87700,338
2012.05.01,09:31,80.87550,80.87750,80.87150,80.87650,154
2012.05.01,09:32,80.87550,80.87700,80.87050,80.87050,82
2012.05.01,09:33,80.87050,80.87050,80.85950,80.86200,91
2012.05.01,09:34,80.86200,80.86800,80.86050,80.86650,138
2012.05.01,09:35,80.86650,80.87100,80.85900,80.86650,182
2012.05.01,09:36,80.86750,80.87250,80.85450,80.85850,200
2012.05.01,09:37,80.86000,80.86450,80.85450,80.86200,178
2012.05.01,09:38,80.86200,80.86350,80.85850,80.86300,91
2012.05.01,09:39,80.86200,80.86200,80.83500,80.84150,202
2012.05.01,09:40,80.84150,80.84600,80.83550,80.84350,144
2012.05.01,09:41,80.84450,80.84550,80.82550,80.83250,255
2012.05.01,09:42,80.83300,80.83450,80.83050,80.83250,67
2012.05.01,09:43,80.83250,80.83850,80.83250,80.83850,44
2012.05.01,09:44,80.83850,80.84500,80.83850,80.84050,77
2012.05.01,09:45,80.84100,80.84100,80.83050,80.83200,111
2012.05.01,09:46,80.83300,80.83450,80.83150,80.83150,47
2012.05.01,09:47,80.83200,80.86450,80.83100,80.84500,206
2012.05.01,09:48,80.84350,80.84850,80.84250,80.84600,96
2012.05.01,09:49,80.84550,80.85050,80.83700,80.83700,131
2012.05.01,09:50,80.83800,80.83900,80.82150,80.82200,205
2012.05.01,09:51,80.82350,80.83300,80.81350,80.81600,295
2012.05.01,09:52,80.81450,80.83100,80.81050,80.82050,382
2012.05.01,09:53,80.81950,80.82750,80.81850,80.82350,126
2012.05.01,09:54,80.82750,80.83050,80.81600,80.82450,197
2012.05.01,09:55,80.82450,80.85350,80.82450,80.84350,230
2012.05.01,09:56,80.84350,80.84850,80.84150,80.84350,76
2012.05.01,09:57,80.84200,80.84550,80.84150,80.84350,73
2012.05.01,09:58,80.84150,80.84550,80.84050,80.84550,126
2012.05.01,09:59,80.84350,80.85400,80.84150,80.84700,178
2012.05.01,10:00,80.84700,80.85700,80.83900,80.83900,225
2012.05.01,10:01,80.83800,80.83800,80.82950,80.82950,136
2012.05.01,10:02,80.83150,80.83750,80.82950,80.83150,161
2012.05.01,10:03,80.83350,80.83700,80.82850,80.82900,157
2012.05.01,10:04,80.83050,80.83500,80.82150,80.82650,203
2012.05.01,10:05,80.82700,80.82850,80.80150,80.80850,128
2012.05.01,10:06,80.80700,80.81650,80.80650,80.81450,63
2012.05.01,10:07,80.81650,80.81700,80.81550,80.81600,55
2012.05.01,10:08,80.81500,80.82200,80.81500,80.81950,150
2012.05.01,10:09,80.82000,80.82000,80.81150,80.81500,114
2012.05.01,10:10,80.81500,80.83100,80.81500,80.82900,192
2012.05.01,10:11,80.83050,80.83050,80.82300,80.82500,124
2012.05.01,10:12,80.82650,80.83100,80.82500,80.82850,58
2012.05.01,10:13,80.82850,80.83150,80.81950,80.82950,165
2012.05.01,10:14,80.82750,80.83250,80.82750,80.83050,113
2012.05.01,10:15,80.82750,80.82850,80.82300,80.82650,75
2012.05.01,10:16,80.82450,80.83150,80.82050,80.82450,151
2012.05.01,10:17,80.82450,80.82650,80.82000,80.82450,188
2012.05.01,10:18,80.82450,80.83750,80.81950,80.82750,220
2012.05.01,10:19,80.82600,80.83500,80.82550,80.83050,162
2012.05.01,10:20,80.83050,80.84650,80.83000,80.84250,198
2012.05.01,10:21,80.84250,80.84250,80.82750,80.82750,110
2012.05.01,10:22,80.82800,80.83750,80.82750,80.83250,125
2012.05.01,10:23,80.83250,80.84150,80.83250,80.83700,88
2012.05.01,10:24,80.83650,80.84050,80.83450,80.84050,78
2012.05.01,10:25,80.84200,80.85150,80.84200,80.84950,184
2012.05.01,10:26,80.85150,80.85300,80.84350,80.84400,99
2012.05.01,10:27,80.84400,80.84750,80.84350,80.84750,60
2012.05.01,10:28,80.84850,80.85950,80.84850,80.85250,174
2012.05.01,10:29,80.85050,80.85200,80.85050,80.85200,49
2012.05.01,10:30,80.85150,80.85800,80.84800,80.85450,142
2012.05.01,10:31,80.85400,80.87500,80.85250,80.87150,184
2012.05.01,10:32,80.87300,80.87750,80.86950,80.87150,162
2012.05.01,10:33,80.87300,80.87700,80.87000,80.87500,134
2012.05.01,10:34,80.87500,80.89050,80.87350,80.88850,206
2012.05.01,10:35,80.88850,80.88850,80.88250,80.88300,107
2012.05.01,10:36,80.88200,80.89250,80.88200,80.88500,110
2012.05.01,10:37,80.88350,80.88700,80.87650,80.88700,104
2012.05.01,10:38,80.88550,80.88650,80.87700,80.87700,159
2012.05.01,10:39,80.87850,80.88600,80.87850,80.88450,88
2012.05.01,10:40,80.88650,80.88750,80.88300,80.88450,96
2012.05.01,10:41,80.88250,80.89150,80.87700,80.87850,340
2012.05.01,10:42,80.87850,80.89350,80.87850,80.89150,185
2012.05.01,10:43,80.89350,80.89550,80.88750,80.89200,208
2012.05.01,10:44,80.89050,80.89050,80.86300,80.86950,301
2012.05.01,10:45,80.86800,80.87450,80.86800,80.87250,82
2012.05.01,10:46,80.87000,80.87350,80.86600,80.86950,142
2012.05.01,10:47,80.87100,80.88050,80.86950,80.87550,117
2012.05.01,10:48,80.87650,80.88350,80.87650,80.88050,118
2012.05.01,10:49,80.88250,80.88250,80.88050,80.88050,8
2012.05.01,10:50,80.87850,80.88200,80.87550,80.87550,79
2012.05.01,10:51,80.87700,80.87800,80.87250,80.87700,128
2012.05.01,10:52,80.87500,80.89100,80.86900,80.88800,269
2012.05.01,10:53,80.89100,80.89250,80.88000,80.89050,268
2012.05.01,10:54,80.88850,80.89150,80.88350,80.88650,154
2012.05.01,10:55,80.88400,80.88950,80.88400,80.88750,133
2012.05.01,10:56,80.88400,80.89050,80.86850,80.86900,314
2012.05.01,10:57,80.86750,80.87000,80.86200,80.86600,171
2012.05.01,10:58,80.86550,80.87250,80.86050,80.86800,138
2012.05.01,10:59,80.86950,80.87050,80.86150,80.86650,109
2012.05.01,11:00,80.86850,80.87650,80.86200,80.86650,274
2012.05.01,11:01,80.86500,80.86600,80.86300,80.86400,74
2012.05.01,11:02,80.86250,80.87300,80.85750,80.87050,178
2012.05.01,11:03,80.87350,80.87500,80.86900,80.87500,70
2012.05.01,11:04,80.87550,80.89350,80.87550,80.89350,129
2012.05.01,11:05,80.89200,80.89650,80.89200,80.89500,60
2012.05.01,11:06,80.89500,80.89650,80.89050,80.89300,185
2012.05.01,11:07,80.89500,80.89750,80.88350,80.89050,228
2012.05.01,11:08,80.89250,80.89350,80.87750,80.87750,131
2012.05.01,11:09,80.87600,80.87950,80.87450,80.87550,105
2012.05.01,11:10,80.87550,80.87900,80.87450,80.87750,99
2012.05.01,11:11,80.87550,80.88000,80.87450,80.87450,109
2012.05.01,11:12,80.87050,80.87050,80.86300,80.87050,101
2012.05.01,11:13,80.87050,80.87450,80.86650,80.87450,86
2012.05.01,11:14,80.87450,80.87800,80.86950,80.86950,91
2012.05.01,11:15,80.87000,80.87350,80.86900,80.87150,69
2012.05.01,11:16,80.87100,80.88950,80.86900,80.88950,160
2012.05.01,11:17,80.89000,80.89600,80.88950,80.89250,97
2012.05.01,11:18,80.89250,80.89700,80.88500,80.89350,159
2012.05.01,11:19,80.89350,80.90450,80.89350,80.90250,130
2012.05.01,11:20,80.90050,80.91800,80.90050,80.91250,191
2012.05.01,11:21,80.91050,80.91550,80.91050,80.91350,48
2012.05.01,11:22,80.91350,80.92400,80.91100,80.92300,220
2012.05.01,11:23,80.91950,80.92950,80.91800,80.91800,184
2012.05.01,11:24,80.91750,80.92650,80.91350,80.91350,241
2012.05.01,11:25,80.91000,80.92150,80.90450,80.91750,169
2012.05.01,11:26,80.91950,80.92300,80.91800,80.91950,130
2012.05.01,11:27,80.91800,80.92850,80.91100,80.92250,181
2012.05.01,11:28,80.92450,80.92450,80.90500,80.91550,215
2012.05.01,11:29,80.91550,80.92450,80.91550,80.91850,125
2012.05.01,11:30,80.91850,80.92000,80.90850,80.91150,175
2012.05.01,11:31,80.91250,80.91750,80.91050,80.91150,143
2012.05.01,11:32,80.90700,80.90900,80.90150,80.90650,149
2012.05.01,11:33,80.90700,80.91600,80.90700,80.91500,168
2012.05.01,11:34,80.91600,80.93650,80.91600,80.93250,263
2012.05.01,11:35,80.93100,80.94050,80.92650,80.94050,205
2012.05.01,11:36,80.93850,80.94000,80.92400,80.92700,219
2012.05.01,11:37,80.92700,80.93200,80.92450,80.93050,123
2012.05.01,11:38,80.93200,80.93350,80.92750,80.93100,87
2012.05.01,11:39,80.93250,80.94650,80.92900,80.94450,136
2012.05.01,11:40,80.94600,80.94950,80.93850,80.94950,140
2012.05.01,11:41,80.94850,80.95250,80.94150,80.94150,249
2012.05.01,11:42,80.94100,80.94350,80.93250,80.93600,144
2012.05.01,11:43,80.93450,80.93750,80.93150,80.93500,105
2012.05.01,11:44,80.93400,80.93600,80.92650,80.93100,304
2012.05.01,11:45,80.92950,80.93100,80.91750,80.91950,197
2012.05.01,11:46,80.91950,80.93300,80.91950,80.92500,172
2012.05.01,11:47,80.92550,80.93300,80.92550,80.93200,146
2012.05.01,11:48,80.93550,80.94150,80.93050,80.93050,130
2012.05.01,11:49,80.92950,80.96100,80.92800,80.95350,328
2012.05.01,11:50,80.95050,80.95250,80.94050,80.94750,258
2012.05.01,11:51,80.94350,80.94750,80.93650,80.94450,193
2012.05.01,11:52,80.94600,80.94850,80.94150,80.94150,150
2012.05.01,11:53,80.94350,80.95850,80.94000,80.95800,239
2012.05.01,11:54,80.95750,80.95800,80.94800,80.95550,154
2012.05.01,11:55,80.95400,80.95400,80.94550,80.95250,139
2012.05.01,11:56,80.95350,80.96050,80.94950,80.95350,169
2012.05.01,11:57,80.95250,80.95250,80.93750,80.93900,248
2012.05.01,11:58,80.93750,80.94450,80.92850,80.92850,235
2012.05.01,11:59,80.93050,80.93500,80.92250,80.92350,228
2012.05.01,12:00,80.92350,80.93700,80.91650,80.93600,349
2012.05.01,12:01,80.93750,80.93850,80.92650,80.92650,249
2012.05.01,12:02,80.92650,80.92800,80.91900,80.92450,252
2012.05.01,12:03,80.92250,80.92550,80.91500,80.92350,195
2012.05.01,12:04,80.92200,80.92500,80.91550,80.91600,168
2012.05.01,12:05,80.91500,80.91750,80.89500,80.89500,203
2012.05.01,12:06,80.89750,80.90550,80.88750,80.90550,256
2012.05.01,12:07,80.90700,80.90850,80.89050,80.89200,184
2012.05.01,12:08,80.89200,80.90250,80.88750,80.89200,236
2012.05.01,12:09,80.89000,80.89150,80.87850,80.88050,258
2012.05.01,12:10,80.87900,80.88050,80.86650,80.87100,235
2012.05.01,12:11,80.87450,80.87750,80.84050,80.84250,332
2012.05.01,12:12,80.84050,80.84550,80.83850,80.84000,93
2012.05.01,12:13,80.84050,80.84750,80.83750,80.84300,168
2012.05.01,12:14,80.84450,80.84450,80.83950,80.84350,83
2012.05.01,12:15,80.84150,80.86000,80.84150,80.84950,243
2012.05.01,12:16,80.84750,80.85900,80.84750,80.85550,248
2012.05.01,12:17,80.85550,80.86050,80.85350,80.85950,80
2012.05.01,12:18,80.85950,80.85950,80.84850,80.85550,160
2012.05.01,12:19,80.85550,80.85800,80.83900,80.84400,275
2012.05.01,12:20,80.84500,80.85400,80.82900,80.83050,461
2012.05.01,12:21,80.83050,80.83250,80.81450,80.83000,276
2012.05.01,12:22,80.83300,80.83800,80.82950,80.83300,171
2012.05.01,12:23,80.83350,80.83750,80.82850,80.83000,122
2012.05.01,12:24,80.82900,80.83650,80.81800,80.82200,182
2012.05.01,12:25,80.82300,80.82450,80.80600,80.82200,234
2012.05.01,12:26,80.82250,80.82800,80.81150,80.81550,181
2012.05.01,12:27,80.81250,80.82050,80.81150,80.81850,192
2012.05.01,12:28,80.81650,80.81850,80.79950,80.79950,244
2012.05.01,12:29,80.79950,80.79950,80.78450,80.79250,195
2012.05.01,12:30,80.79450,80.79600,80.78600,80.78600,138
2012.05.01,12:31,80.78250,80.79200,80.78200,80.78750,164
2012.05.01,12:32,80.78750,80.81150,80.78750,80.81100,233
2012.05.01,12:33,80.81200,80.82350,80.80550,80.82350,184
2012.05.01,12:34,80.82250,80.83500,80.81550,80.83450,262
2012.05.01,12:35,80.83250,80.83250,80.81450,80.81450,203
2012.05.01,12:36,80.81600,80.82550,80.81100,80.81950,209
2012.05.01,12:37,80.82050,80.82550,80.81700,80.82350,272
2012.05.01,12:38,80.82200,80.82600,80.81850,80.81850,136
2012.05.01,12:39,80.81800,80.82150,80.81550,80.82000,125
2012.05.01,12:40,80.81950,80.82050,80.81600,80.81750,83
2012.05.01,12:41,80.81900,80.83050,80.81800,80.82750,163
2012.05.01,12:42,80.82800,80.82850,80.82650,80.82650,68
2012.05.01,12:43,80.82500,80.82950,80.82350,80.82350,59
2012.05.01,12:44,80.82300,80.82650,80.79400,80.79650,322
2012.05.01,12:45,80.79600,80.79650,80.78850,80.78900,149
2012.05.01,12:46,80.79050,80.79150,80.78000,80.78250,258
2012.05.01,12:47,80.78200,80.79050,80.78150,80.78800,188
2012.05.01,12:48,80.78800,80.79700,80.76650,80.77050,296
2012.05.01,12:49,80.77050,80.77250,80.74850,80.75850,438
2012.05.01,12:50,80.75750,80.76450,80.75650,80.76000,176
2012.05.01,12:51,80.75850,80.76600,80.75250,80.75550,227
2012.05.01,12:52,80.75600,80.76350,80.73400,80.74450,304
2012.05.01,12:53,80.74600,80.74950,80.74450,80.74600,113
2012.05.01,12:54,80.74550,80.76700,80.74400,80.76250,192
2012.05.01,12:55,80.76350,80.77350,80.75350,80.76400,209
2012.05.01,12:56,80.76550,80.76750,80.75600,80.75700,164
2012.05.01,12:57,80.75600,80.76050,80.75600,80.75800,63
2012.05.01,12:58,80.75900,80.76550,80.75900,80.76350,87
2012.05.01,12:59,80.76250,80.76450,80.74250,80.74800,176
2012.05.01,13:00,80.74750,80.74750,80.71650,80.71800,204
2012.05.01,13:01,80.71750,80.75100,80.71750,80.75100,194
2012.05.01,13:02,80.75050,80.75600,80.75050,80.75450,52
2012.05.01,13:03,80.75650,80.76550,80.75450,80.76550,99
2012.05.01,13:04,80.76400,80.78050,80.76400,80.77750,200
2012.05.01,13:05,80.77800,80.78350,80.76950,80.77650,271
2012.05.01,13:06,80.77500,80.77850,80.77450,80.77850,94
2012.05.01,13:07,80.77700,80.77750,80.77300,80.77550,122
2012.05.01,13:08,80.77400,80.77400,80.76100,80.76800,141
2012.05.01,13:09,80.76600,80.78350,80.76450,80.77000,217
2012.05.01,13:10,80.77250,80.77650,80.76500,80.76850,146
2012.05.01,13:11,80.76850,80.77400,80.76700,80.77150,124
2012.05.01,13:12,80.77250,80.77350,80.76850,80.77000,160
2012.05.01,13:13,80.77150,80.77600,80.76650,80.77450,209
2012.05.01,13:14,80.77450,80.77600,80.76700,80.77100,179
2012.05.01,13:15,80.76950,80.77050,80.74900,80.76250,156
2012.05.01,13:16,80.75750,80.76950,80.75600,80.76950,184
2012.05.01,13:17,80.76800,80.76950,80.76650,80.76800,122
2012.05.01,13:18,80.76950,80.77550,80.76950,80.77150,176
2012.05.01,13:19,80.77350,80.77450,80.76850,80.77450,119
2012.05.01,13:20,80.77300,80.77450,80.76000,80.77350,168
2012.05.01,13:21,80.77450,80.77550,80.76450,80.76700,108
2012.05.01,13:22,80.76850,80.77250,80.76050,80.76550,207
2012.05.01,13:23,80.76300,80.77600,80.76300,80.76950,143
2012.05.01,13:24,80.76850,80.77400,80.76500,80.76600,139
2012.05.01,13:25,80.76550,80.77500,80.75450,80.77200,200
2012.05.01,13:26,80.77200,80.77200,80.76300,80.76300,114
2012.05.01,13:27,80.76450,80.76450,80.75350,80.75450,159
2012.05.01,13:28,80.75650,80.75750,80.74700,80.74900,131
2012.05.01,13:29,80.74900,80.75050,80.73750,80.73850,171
2012.05.01,13:30,80.73950,80.74550,80.73200,80.73200,236
2012.05.01,13:31,80.73200,80.74000,80.71950,80.71950,291
2012.05.01,13:32,80.72050,80.74950,80.72050,80.72450,233
2012.05.01,13:33,80.72500,80.73200,80.71700,80.72700,207
2012.05.01,13:34,80.72550,80.73750,80.70950,80.71000,322
2012.05.01,13:35,80.70950,80.70950,80.69300,80.70600,341
2012.05.01,13:36,80.70750,80.71850,80.70400,80.70400,217
2012.05.01,13:37,80.70400,80.70400,80.69100,80.69100,145
2012.05.01,13:38,80.68900,80.69500,80.66650,80.66650,318
2012.05.01,13:39,80.66400,80.66650,80.65350,80.65750,147
2012.05.01,13:40,80.66050,80.69750,80.66050,80.68300,301
2012.05.01,13:41,80.68200,80.71450,80.67900,80.71250,215
2012.05.01,13:42,80.71300,80.71950,80.69450,80.69550,226
2012.05.01,13:43,80.69450,80.69550,80.68050,80.68150,187
2012.05.01,13:44,80.68050,80.68150,80.64850,80.64850,341
2012.05.01,13:45,80.64650,80.67350,80.64250,80.67050,279
2012.05.01,13:46,80.67300,80.67950,80.66700,80.66700,214
2012.05.01,13:47,80.65800,80.67600,80.65100,80.67150,273
2012.05.01,13:48,80.67000,80.67550,80.66350,80.66950,216
2012.05.01,13:49,80.67050,80.67050,80.63350,80.64950,306
2012.05.01,13:50,80.64950,80.67450,80.64800,80.66250,354
2012.05.01,13:51,80.66100,80.66450,80.64400,80.65350,270
2012.05.01,13:52,80.65650,80.68300,80.65200,80.68150,276
2012.05.01,13:53,80.67950,80.68100,80.62450,80.62800,266
2012.05.01,13:54,80.63000,80.63000,80.60750,80.61350,191
2012.05.01,13:55,80.61500,80.63650,80.61500,80.63200,278
2012.05.01,13:56,80.63150,80.63200,80.60600,80.61750,419
2012.05.01,13:57,80.61950,80.64350,80.61950,80.62950,421
2012.05.01,13:58,80.62850,80.63400,80.60650,80.61150,220
2012.05.01,13:59,80.61350,80.64250,80.61250,80.61950,499
2012.05.01,14:00,80.66550,80.95800,80.66550,80.93350,628
2012.05.01,14:01,80.92400,81.04900,80.92400,81.01850,799
2012.05.01,14:02,81.01550,81.03900,80.97750,80.97900,636
2012.05.01,14:03,80.98100,81.11900,80.98050,81.11800,752
2012.05.01,14:04,81.11450,81.11450,81.05350,81.06700,465
2012.05.01,14:05,81.06650,81.09650,81.06050,81.07550,489
2012.05.01,14:06,81.07250,81.08750,81.06300,81.07050,461
2012.05.01,14:07,81.06950,81.08050,81.05800,81.05800,460
2012.05.01,14:08,81.05850,81.08200,81.05550,81.07850,456
2012.05.01,14:09,81.08050,81.08450,81.05150,81.06450,569
2012.05.01,14:10,81.06650,81.08400,81.05500,81.08400,459
2012.05.01,14:11,81.08450,81.15250,81.08250,81.14900,549
2012.05.01,14:12,81.14850,81.21050,81.14250,81.19750,627
2012.05.01,14:13,81.19350,81.21750,81.18650,81.21200,485
2012.05.01,14:14,81.21400,81.25250,81.19450,81.24600,521
2012.05.01,14:15,81.24700,81.29500,81.24650,81.29500,649
2012.05.01,14:16,81.29600,81.37800,81.28550,81.34250,699
2012.05.01,14:17,81.34100,81.34600,81.31650,81.34150,636
2012.05.01,14:18,81.34250,81.35950,81.32550,81.32900,454
2012.05.01,14:19,81.32800,81.37900,81.32750,81.36100,519
2012.05.01,14:20,81.36250,81.38100,81.34900,81.34950,501
2012.05.01,14:21,81.34850,81.40150,81.34050,81.39500,564
2012.05.01,14:22,81.39750,81.41200,81.38450,81.40850,471
2012.05.01,14:23,81.40650,81.41350,81.39700,81.40250,534
2012.05.01,14:24,81.40100,81.41500,81.37850,81.38600,446
2012.05.01,14:25,81.38900,81.41150,81.38400,81.41150,289
2012.05.01,14:26,81.40800,81.45850,81.40800,81.43050,470
2012.05.01,14:27,81.43100,81.45450,81.43050,81.45350,448
2012.05.01,14:28,81.45500,81.48550,81.45200,81.47600,689
2012.05.01,14:29,81.47750,81.48100,81.41950,81.42250,451
2012.05.01,14:30,81.42250,81.43900,81.41950,81.43800,518
2012.05.01,14:31,81.43550,81.43550,81.40500,81.41300,442
2012.05.01,14:32,81.41350,81.42550,81.39700,81.39750,445
2012.05.01,14:33,81.39650,81.41250,81.39550,81.40150,396
2012.05.01,14:34,81.40150,81.40300,81.37950,81.38000,352
2012.05.01,14:35,81.38050,81.38850,81.37300,81.38150,269
2012.05.01,14:36,81.37850,81.38150,81.34850,81.35950,470
2012.05.01,14:37,81.35800,81.35800,81.32750,81.33450,449
2012.05.01,14:38,81.33250,81.37550,81.33250,81.37100,352
2012.05.01,14:39,81.36950,81.37050,81.35250,81.36550,287
2012.05.01,14:40,81.36550,81.37550,81.36050,81.37350,234
2012.05.01,14:41,81.37200,81.38250,81.36300,81.37050,381
2012.05.01,14:42,81.37100,81.41250,81.37100,81.41000,294
2012.05.01,14:43,81.41150,81.41600,81.39750,81.40650,266
2012.05.01,14:44,81.40650,81.41250,81.38650,81.38850,384
2012.05.01,14:45,81.38650,81.42850,81.38650,81.42850,452
2012.05.01,14:46,81.42700,81.45550,81.42400,81.45250,372
2012.05.01,14:47,81.45400,81.46500,81.42950,81.43200,338
2012.05.01,14:48,81.43200,81.45200,81.43100,81.45200,319
2012.05.01,14:49,81.45050,81.45150,81.43450,81.43500,385
2012.05.01,14:50,81.43650,81.43650,81.42150,81.42850,319
2012.05.01,14:51,81.42850,81.42850,81.41400,81.42000,278
2012.05.01,14:52,81.42000,81.42500,81.41100,81.42250,366
2012.05.01,14:53,81.42400,81.45800,81.41850,81.45800,365
2012.05.01,14:54,81.45950,81.47300,81.42500,81.43850,502
2012.05.01,14:55,81.43850,81.44100,81.41000,81.42700,412
2012.05.01,14:56,81.42850,81.44450,81.41850,81.42050,302
2012.05.01,14:57,81.42250,81.42250,81.37100,81.37300,428
2012.05.01,14:58,81.37450,81.38700,81.36450,81.38350,420
2012.05.01,14:59,81.38350,81.45600,81.38150,81.44750,479
2012.05.01,15:00,81.44400,81.44750,81.42350,81.43150,472
2012.05.01,15:01,81.43100,81.44200,81.42950,81.42950,278
2012.05.01,15:02,81.42950,81.42950,81.39950,81.42050,393
2012.05.01,15:03,81.42150,81.43650,81.41450,81.42450,429
2012.05.01,15:04,81.42250,81.43250,81.41550,81.43000,374
2012.05.01,15:05,81.43000,81.46550,81.43000,81.46450,375
2012.05.01,15:06,81.46300,81.51400,81.46300,81.50650,461
2012.05.01,15:07,81.50750,81.51300,81.49250,81.49250,273
2012.05.01,15:08,81.48600,81.51000,81.47900,81.50050,341
2012.05.01,15:09,81.49900,81.51550,81.48650,81.50350,341
2012.05.01,15:10,81.50050,81.50050,81.48400,81.48600,216
2012.05.01,15:11,81.48550,81.48850,81.47600,81.47600,199
2012.05.01,15:12,81.47650,81.49350,81.47450,81.48850,214
2012.05.01,15:13,81.48350,81.49200,81.47550,81.48750,259
2012.05.01,15:14,81.48550,81.49150,81.48250,81.48550,255
2012.05.01,15:15,81.48700,81.50000,81.47500,81.47750,300
2012.05.01,15:16,81.47750,81.49850,81.47600,81.48700,309
2012.05.01,15:17,81.48600,81.49100,81.47650,81.48750,331
2012.05.01,15:18,81.48550,81.49150,81.46900,81.49150,422
2012.05.01,15:19,81.49100,81.51400,81.48750,81.49550,399
2012.05.01,15:20,81.49550,81.49600,81.48850,81.48950,193
2012.05.01,15:21,81.48800,81.49250,81.47600,81.47850,219
2012.05.01,15:22,81.47650,81.48350,81.47250,81.48300,325
2012.05.01,15:23,81.48000,81.48100,81.45650,81.45650,219
2012.05.01,15:24,81.45600,81.45950,81.44250,81.44250,135
2012.05.01,15:25,81.44150,81.44350,81.43950,81.44150,82
2012.05.01,15:26,81.44150,81.45050,81.43950,81.44800,167
2012.05.01,15:27,81.44650,81.45950,81.44400,81.45750,214
2012.05.01,15:28,81.45750,81.50350,81.45750,81.49900,353
2012.05.01,15:29,81.49850,81.50100,81.47350,81.47850,256
2012.05.01,15:30,81.47950,81.48350,81.46600,81.47550,341
2012.05.01,15:31,81.47700,81.47850,81.47150,81.47850,147
2012.05.01,15:32,81.47750,81.47750,81.46550,81.47000,207
2012.05.01,15:33,81.47050,81.48550,81.47050,81.48250,203
2012.05.01,15:34,81.48050,81.48050,81.46500,81.46800,130
2012.05.01,15:35,81.46700,81.49100,81.46650,81.47450,290
2012.05.01,15:36,81.47600,81.50100,81.47600,81.49250,252
2012.05.01,15:37,81.49200,81.49200,81.46550,81.46550,319
2012.05.01,15:38,81.46500,81.47450,81.46050,81.46300,163
2012.05.01,15:39,81.46300,81.46500,81.45250,81.45550,179
2012.05.01,15:40,81.45350,81.46150,81.45300,81.45400,126
2012.05.01,15:41,81.45400,81.46100,81.44550,81.44850,173
2012.05.01,15:42,81.44950,81.45800,81.44800,81.45250,120
2012.05.01,15:43,81.45350,81.45650,81.45000,81.45650,87
2012.05.01,15:44,81.45650,81.45850,81.45550,81.45650,82
2012.05.01,15:45,81.45600,81.46100,81.45450,81.46100,56
2012.05.01,15:46,81.45900,81.46350,81.45550,81.45650,186
2012.05.01,15:47,81.45650,81.46400,81.45650,81.46250,176
2012.05.01,15:48,81.46200,81.47650,81.46050,81.46750,290
2012.05.01,15:49,81.46850,81.47900,81.46850,81.47700,166
2012.05.01,15:50,81.47800,81.47950,81.47350,81.47750,59
2012.05.01,15:51,81.48100,81.48150,81.47950,81.47950,54
2012.05.01,15:52,81.47950,81.48050,81.47350,81.47750,55
2012.05.01,15:53,81.47750,81.48150,81.47550,81.47650,60
2012.05.01,15:54,81.47550,81.48450,81.47550,81.47850,117
2012.05.01,15:55,81.47750,81.47900,81.46950,81.47350,115
2012.05.01,15:56,81.47300,81.47400,81.46300,81.47050,122
2012.05.01,15:57,81.46800,81.47250,81.46750,81.46950,101
2012.05.01,15:58,81.47050,81.47350,81.46950,81.47150,64
2012.05.01,15:59,81.47300,81.48150,81.46550,81.47600,245
2012.05.01,16:00,81.47750,81.49750,81.47300,81.49150,144
2012.05.01,16:01,81.48950,81.49250,81.48150,81.48150,178
2012.05.01,16:02,81.48300,81.49000,81.47000,81.47450,231
2012.05.01,16:03,81.47650,81.48050,81.47450,81.47450,116
2012.05.01,16:04,81.47650,81.47850,81.45950,81.46550,178
2012.05.01,16:05,81.46350,81.46550,81.44550,81.44750,223
2012.05.01,16:06,81.44950,81.45850,81.44200,81.45250,204
2012.05.01,16:07,81.45050,81.45250,81.42700,81.43900,222
2012.05.01,16:08,81.44050,81.46450,81.44050,81.46000,217
2012.05.01,16:09,81.46000,81.47450,81.45950,81.47350,210
2012.05.01,16:10,81.47350,81.48450,81.47350,81.48250,194
2012.05.01,16:11,81.48450,81.48450,81.47350,81.47850,155
2012.05.01,16:12,81.48050,81.48250,81.47250,81.47450,183
2012.05.01,16:13,81.47450,81.47850,81.46800,81.46800,103
2012.05.01,16:14,81.46800,81.49650,81.46800,81.49650,301
2012.05.01,16:15,81.49450,81.49950,81.49250,81.49950,122
2012.05.01,16:16,81.49750,81.50150,81.49400,81.50150,185
2012.05.01,16:17,81.50000,81.50150,81.49700,81.49800,85
2012.05.01,16:18,81.49650,81.49850,81.49400,81.49500,84
2012.05.01,16:19,81.49450,81.49550,81.48250,81.48250,126
2012.05.01,16:20,81.48250,81.51850,81.48250,81.51850,170
2012.05.01,16:21,81.51650,81.53250,81.51650,81.53150,211
2012.05.01,16:22,81.53150,81.54550,81.52550,81.54350,217
2012.05.01,16:23,81.54400,81.54550,81.52750,81.52750,230
2012.05.01,16:24,81.52750,81.54150,81.52600,81.53000,172
2012.05.01,16:25,81.52850,81.52850,81.51450,81.52150,171
2012.05.01,16:26,81.52150,81.52750,81.51000,81.52650,193
2012.05.01,16:27,81.52450,81.52800,81.51950,81.52450,153
2012.05.01,16:28,81.52700,81.53450,81.51750,81.53150,195
2012.05.01,16:29,81.53100,81.53950,81.52450,81.53500,136
2012.05.01,16:30,81.53700,81.55750,81.53700,81.54900,204
2012.05.01,16:31,81.55050,81.55150,81.53850,81.54200,157
2012.05.01,16:32,81.54200,81.54200,81.52700,81.53100,140
2012.05.01,16:33,81.52750,81.52950,81.51800,81.52950,170
2012.05.01,16:34,81.52900,81.52900,81.51750,81.52150,109
2012.05.01,16:35,81.51950,81.53050,81.51950,81.52950,67
2012.05.01,16:36,81.52750,81.53150,81.52400,81.52750,108
2012.05.01,16:37,81.52550,81.53250,81.52550,81.52950,106
2012.05.01,16:38,81.53150,81.54250,81.53150,81.53850,137
2012.05.01,16:39,81.53650,81.54450,81.53450,81.54450,124
2012.05.01,16:40,81.54450,81.54650,81.54050,81.54650,50
2012.05.01,16:41,81.54850,81.54850,81.54150,81.54150,49
2012.05.01,16:42,81.54350,81.54350,81.53150,81.53450,111
2012.05.01,16:43,81.53250,81.53450,81.53050,81.53050,53
2012.05.01,16:44,81.53200,81.53200,81.52500,81.52650,77
2012.05.01,16:45,81.52700,81.52850,81.52350,81.52350,63
2012.05.01,16:46,81.52550,81.52550,81.50200,81.50850,184
2012.05.01,16:47,81.51150,81.51450,81.50650,81.51250,64
2012.05.01,16:48,81.51200,81.52050,81.51050,81.51650,110
2012.05.01,16:49,81.51350,81.51350,81.50700,81.50950,92
2012.05.01,16:50,81.51100,81.52050,81.51100,81.51450,133
2012.05.01,16:51,81.51450,81.52200,81.51450,81.52050,69
2012.05.01,16:52,81.51900,81.52050,81.51850,81.52050,47
2012.05.01,16:53,81.52000,81.52200,81.51850,81.52200,92
2012.05.01,16:54,81.52050,81.52250,81.51550,81.51550,95
2012.05.01,16:55,81.51750,81.51900,81.51350,81.51350,59
2012.05.01,16:56,81.51500,81.52150,81.51450,81.51650,99
2012.05.01,16:57,81.51450,81.51650,81.50000,81.50850,182
2012.05.01,16:58,81.50800,81.50800,81.49750,81.50450,99
2012.05.01,16:59,81.50250,81.50350,81.47350,81.48550,204
2012.05.01,17:00,81.48750,81.48900,81.46650,81.47150,262
2012.05.01,17:01,81.46950,81.47150,81.46650,81.46650,85
2012.05.01,17:02,81.46450,81.46650,81.46000,81.46450,125
2012.05.01,17:03,81.46250,81.46350,81.45350,81.45650,112
2012.05.01,17:04,81.45650,81.45650,81.44200,81.45050,103
2012.05.01,17:05,81.45100,81.46150,81.44550,81.45950,75
2012.05.01,17:06,81.46100,81.47150,81.45850,81.47150,148
2012.05.01,17:07,81.46950,81.47050,81.46500,81.46650,65
2012.05.01,17:08,81.46850,81.48050,81.46800,81.48050,95
2012.05.01,17:09,81.47850,81.48050,81.47650,81.47850,76
2012.05.01,17:10,81.47850,81.48650,81.47750,81.48200,161
2012.05.01,17:11,81.48450,81.48650,81.48200,81.48400,56
2012.05.01,17:12,81.48300,81.48350,81.47300,81.47350,75
2012.05.01,17:13,81.47300,81.48350,81.47150,81.48300,45
2012.05.01,17:14,81.48200,81.48850,81.48100,81.48350,73
2012.05.01,17:15,81.48350,81.48550,81.48150,81.48350,57
2012.05.01,17:16,81.48150,81.48550,81.48050,81.48550,156
2012.05.01,17:17,81.48550,81.48550,81.47900,81.47900,86
2012.05.01,17:18,81.48000,81.49250,81.47850,81.49250,167
2012.05.01,17:19,81.49050,81.49250,81.48450,81.48450,69
2012.05.01,17:20,81.48600,81.48750,81.48000,81.48050,154
2012.05.01,17:21,81.48250,81.48250,81.46950,81.47050,120
2012.05.01,17:22,81.47350,81.47350,81.45650,81.45750,138
2012.05.01,17:23,81.45550,81.45800,81.45450,81.45600,71
2012.05.01,17:24,81.45650,81.45650,81.45350,81.45450,37
2012.05.01,17:25,81.45600,81.47650,81.45500,81.47450,76
2012.05.01,17:26,81.47850,81.47850,81.47250,81.47450,98
2012.05.01,17:27,81.47350,81.47950,81.47300,81.47950,80
2012.05.01,17:28,81.47900,81.47900,81.45550,81.45750,62
2012.05.01,17:29,81.45700,81.46050,81.45300,81.45450,105
2012.05.01,17:30,81.45250,81.46200,81.44850,81.45850,165
2012.05.01,17:31,81.46200,81.46250,81.45850,81.46250,66
2012.05.01,17:32,81.46250,81.46450,81.45950,81.46000,97
2012.05.01,17:33,81.46350,81.47150,81.46150,81.47150,71
2012.05.01,17:34,81.47000,81.47750,81.46750,81.47650,78
2012.05.01,17:35,81.47450,81.47450,81.47250,81.47450,12
2012.05.01,17:36,81.47450,81.47550,81.47150,81.47350,35
2012.05.01,17:37,81.47650,81.48850,81.47250,81.48450,59
2012.05.01,17:38,81.48650,81.49050,81.48650,81.48900,44
2012.05.01,17:39,81.49050,81.52650,81.49050,81.52650,216
2012.05.01,17:40,81.52700,81.52700,81.51550,81.51750,71
2012.05.01,17:41,81.51750,81.52350,81.51750,81.52350,43
2012.05.01,17:42,81.52150,81.52350,81.51950,81.52050,58
2012.05.01,17:43,81.52000,81.52000,81.50950,81.50950,93
2012.05.01,17:44,81.51150,81.51250,81.50600,81.51050,66
2012.05.01,17:45,81.50900,81.51050,81.50900,81.51050,20
2012.05.01,17:46,81.50900,81.50900,81.48450,81.48450,115
2012.05.01,17:47,81.48600,81.49650,81.48550,81.49300,135
2012.05.01,17:48,81.49400,81.49550,81.49200,81.49400,54
2012.05.01,17:49,81.49250,81.49250,81.48450,81.48450,50
2012.05.01,17:50,81.48650,81.48850,81.47350,81.47800,122
2012.05.01,17:51,81.47650,81.49050,81.47550,81.48250,196
2012.05.01,17:52,81.48050,81.49350,81.47950,81.49150,48
2012.05.01,17:53,81.49300,81.49350,81.49150,81.49150,30
2012.05.01,17:54,81.49350,81.49550,81.49150,81.49150,71
2012.05.01,17:55,81.49350,81.49350,81.48950,81.48950,70
2012.05.01,17:56,81.49150,81.49350,81.48350,81.49150,121
2012.05.01,17:57,81.49350,81.50050,81.48650,81.49850,142
2012.05.01,17:58,81.49850,81.50050,81.48750,81.48900,107
2012.05.01,17:59,81.48900,81.49050,81.48600,81.48750,52
2012.05.01,18:00,81.48950,81.49250,81.47650,81.48450,131
2012.05.01,18:01,81.48450,81.48450,81.47800,81.47800,61
2012.05.01,18:02,81.47900,81.47950,81.47600,81.47600,35
2012.05.01,18:03,81.47600,81.47950,81.47600,81.47750,59
2012.05.01,18:04,81.47650,81.48150,81.47550,81.47950,59
2012.05.01,18:05,81.48150,81.48150,81.46550,81.46750,81
2012.05.01,18:06,81.46950,81.47950,81.46300,81.47550,185
2012.05.01,18:07,81.47350,81.47950,81.47150,81.47950,34
2012.05.01,18:08,81.47950,81.48350,81.47600,81.47600,87
2012.05.01,18:09,81.47450,81.48350,81.47450,81.48150,48
2012.05.01,18:10,81.48150,81.48350,81.47950,81.48250,51
2012.05.01,18:11,81.48150,81.48550,81.47400,81.48450,120
2012.05.01,18:12,81.48500,81.49050,81.48400,81.48700,26
2012.05.01,18:13,81.48850,81.48850,81.47350,81.47950,98
2012.05.01,18:14,81.47950,81.48550,81.47800,81.48550,54
2012.05.01,18:15,81.48350,81.48950,81.48350,81.48750,62
2012.05.01,18:16,81.48950,81.48950,81.48750,81.48950,45
2012.05.01,18:17,81.48750,81.49150,81.48750,81.49150,21
2012.05.01,18:18,81.49000,81.49000,81.48050,81.48450,90
2012.05.01,18:19,81.48250,81.48450,81.48050,81.48250,58
2012.05.01,18:20,81.47900,81.48350,81.47550,81.48150,90
2012.05.01,18:21,81.48350,81.48550,81.47550,81.48100,88
2012.05.01,18:22,81.48300,81.48300,81.46900,81.47400,104
2012.05.01,18:23,81.47150,81.48300,81.47000,81.47400,146
2012.05.01,18:24,81.47250,81.47250,81.46850,81.46850,25
2012.05.01,18:25,81.47050,81.47050,81.44650,81.44650,213
2012.05.01,18:26,81.44500,81.45600,81.44050,81.45050,100
2012.05.01,18:27,81.45050,81.45400,81.44850,81.45050,88
2012.05.01,18:28,81.45050,81.45200,81.44850,81.45050,28
2012.05.01,18:29,81.45200,81.46650,81.45200,81.46350,66
2012.05.01,18:30,81.46550,81.47050,81.46350,81.47050,37
2012.05.01,18:31,81.46850,81.47050,81.46400,81.46450,94
2012.05.01,18:32,81.46650,81.47050,81.46350,81.46450,79
2012.05.01,18:33,81.46250,81.46500,81.45350,81.45550,108
2012.05.01,18:34,81.45750,81.46250,81.45550,81.45750,85
2012.05.01,18:35,81.45600,81.45950,81.45550,81.45650,100
2012.05.01,18:36,81.45850,81.46050,81.44750,81.45350,105
2012.05.01,18:37,81.45150,81.45350,81.45150,81.45350,50
2012.05.01,18:38,81.45300,81.45550,81.45050,81.45400,63
2012.05.01,18:39,81.45150,81.45300,81.43650,81.43650,61
2012.05.01,18:40,81.43950,81.45450,81.43350,81.45450,95
2012.05.01,18:41,81.45250,81.45450,81.44450,81.44650,97
2012.05.01,18:42,81.44850,81.45150,81.44450,81.44650,134
2012.05.01,18:43,81.44700,81.44850,81.44400,81.44750,78
2012.05.01,18:44,81.44950,81.45550,81.44750,81.45550,102
2012.05.01,18:45,81.45550,81.45550,81.44950,81.44950,56
2012.05.01,18:46,81.44800,81.44950,81.44750,81.44950,22
2012.05.01,18:47,81.44750,81.44750,81.42650,81.42650,145
2012.05.01,18:48,81.42450,81.43650,81.41200,81.43450,164
2012.05.01,18:49,81.43450,81.43750,81.42950,81.43550,55
2012.05.01,18:50,81.43550,81.43850,81.43450,81.43650,43
2012.05.01,18:51,81.43850,81.43950,81.42200,81.42750,148
2012.05.01,18:52,81.42500,81.43550,81.42250,81.43350,94
2012.05.01,18:53,81.43550,81.43550,81.42150,81.42450,162
2012.05.01,18:54,81.42650,81.43250,81.42650,81.43050,67
2012.05.01,18:55,81.43250,81.43250,81.42450,81.42550,44
2012.05.01,18:56,81.42550,81.42650,81.41350,81.41750,75
2012.05.01,18:57,81.41700,81.42850,81.41350,81.42550,171
2012.05.01,18:58,81.42400,81.42700,81.41350,81.41350,161
2012.05.01,18:59,81.41100,81.41850,81.41100,81.41850,100
2012.05.01,19:00,81.41650,81.43650,81.41200,81.41500,157
2012.05.01,19:01,81.41350,81.41600,81.39650,81.41250,183
2012.05.01,19:02,81.41450,81.41900,81.41250,81.41400,82
2012.05.01,19:03,81.41500,81.42850,81.41500,81.42350,116
2012.05.01,19:04,81.42400,81.43550,81.42400,81.43550,128
2012.05.01,19:05,81.43350,81.43350,81.41950,81.42100,173
2012.05.01,19:06,81.42250,81.43550,81.41300,81.41900,231
2012.05.01,19:07,81.41950,81.42750,81.41950,81.42250,82
2012.05.01,19:08,81.42450,81.42750,81.42200,81.42350,95
2012.05.01,19:09,81.42400,81.42750,81.41950,81.42150,58
2012.05.01,19:10,81.42150,81.42350,81.40450,81.40600,161
2012.05.01,19:11,81.40400,81.40750,81.39450,81.39450,117
2012.05.01,19:12,81.39650,81.40150,81.39250,81.40150,70
2012.05.01,19:13,81.39950,81.40150,81.39450,81.39650,63
2012.05.01,19:14,81.39450,81.39650,81.38250,81.38250,101
2012.05.01,19:15,81.38450,81.38450,81.37850,81.38150,97
2012.05.01,19:16,81.37950,81.39050,81.37250,81.39050,186
2012.05.01,19:17,81.39250,81.39650,81.39050,81.39650,64
2012.05.01,19:18,81.39750,81.39750,81.38750,81.38950,99
2012.05.01,19:19,81.39000,81.39150,81.38950,81.38950,17
2012.05.01,19:20,81.39050,81.39450,81.39050,81.39250,30
2012.05.01,19:21,81.38950,81.39150,81.37600,81.37800,176
2012.05.01,19:22,81.37950,81.38350,81.37550,81.37950,104
2012.05.01,19:23,81.37900,81.38400,81.37800,81.38300,55
2012.05.01,19:24,81.38300,81.38300,81.37750,81.37750,66
2012.05.01,19:25,81.37950,81.38400,81.37350,81.37950,133
2012.05.01,19:26,81.37750,81.37950,81.37550,81.37950,58
2012.05.01,19:27,81.38050,81.38400,81.37450,81.37650,70
2012.05.01,19:28,81.37450,81.37650,81.36950,81.37350,99
2012.05.01,19:29,81.37300,81.37450,81.36250,81.37050,154
2012.05.01,19:30,81.37050,81.37050,81.36350,81.36550,77
2012.05.01,19:31,81.36750,81.37250,81.36450,81.37050,95
2012.05.01,19:32,81.37250,81.38050,81.36750,81.37050,88
2012.05.01,19:33,81.37050,81.37050,81.36850,81.37050,25
2012.05.01,19:34,81.37250,81.37250,81.36550,81.36750,126
2012.05.01,19:35,81.36600,81.36600,81.35050,81.35850,107
2012.05.01,19:36,81.35600,81.36150,81.34850,81.34850,105
2012.05.01,19:37,81.34850,81.34850,81.32700,81.33100,170
2012.05.01,19:38,81.32950,81.33850,81.32950,81.33450,94
2012.05.01,19:39,81.33250,81.33650,81.33150,81.33450,75
2012.05.01,19:40,81.33450,81.33450,81.32750,81.32950,89
2012.05.01,19:41,81.32950,81.34550,81.32250,81.34350,193
2012.05.01,19:42,81.33800,81.34650,81.33500,81.34350,55
2012.05.01,19:43,81.34500,81.34550,81.34400,81.34550,16
2012.05.01,19:44,81.34750,81.34750,81.33850,81.34400,115
2012.05.01,19:45,81.34400,81.34850,81.33800,81.33800,167
2012.05.01,19:46,81.33800,81.33950,81.33200,81.33800,120
2012.05.01,19:47,81.33650,81.34050,81.33150,81.33550,139
2012.05.01,19:48,81.33750,81.34350,81.33150,81.34350,128
2012.05.01,19:49,81.34150,81.34550,81.33350,81.33350,59
2012.05.01,19:50,81.33150,81.33450,81.31650,81.32850,130
2012.05.01,19:51,81.32850,81.32850,81.31100,81.31200,128
2012.05.01,19:52,81.31400,81.31400,81.30450,81.30450,49
2012.05.01,19:53,81.30150,81.30250,81.29050,81.30250,159
2012.05.01,19:54,81.30050,81.30650,81.29450,81.30150,92
2012.05.01,19:55,81.30000,81.30000,81.29200,81.29350,163
2012.05.01,19:56,81.29200,81.29200,81.27200,81.28350,187
2012.05.01,19:57,81.28350,81.29450,81.28350,81.29050,88
2012.05.01,19:58,81.29050,81.30550,81.29050,81.30550,156
2012.05.01,19:59,81.30350,81.32150,81.30150,81.31750,149
2012.05.01,20:00,81.31900,81.34250,81.31550,81.33950,211
2012.05.01,20:01,81.33850,81.33950,81.32250,81.32250,131
2012.05.01,20:02,81.32450,81.33750,81.30950,81.31250,188
2012.05.01,20:03,81.30950,81.31150,81.30350,81.30550,76
2012.05.01,20:04,81.30350,81.31200,81.30350,81.30750,101
2012.05.01,20:05,81.30750,81.30950,81.28450,81.28500,306
2012.05.01,20:06,81.28600,81.29450,81.27950,81.28200,208
2012.05.01,20:07,81.28200,81.28500,81.26700,81.27550,183
2012.05.01,20:08,81.27700,81.28450,81.26950,81.27850,143
2012.05.01,20:09,81.27700,81.27850,81.26500,81.26750,118
2012.05.01,20:10,81.26750,81.27150,81.26750,81.27150,28
2012.05.01,20:11,81.26950,81.27250,81.26750,81.26850,63
2012.05.01,20:12,81.26500,81.26900,81.26450,81.26900,38
2012.05.01,20:13,81.26900,81.27250,81.26700,81.27250,102
2012.05.01,20:14,81.27250,81.27550,81.27000,81.27000,90
2012.05.01,20:15,81.27100,81.27900,81.27000,81.27450,106
2012.05.01,20:16,81.27450,81.27500,81.26150,81.26650,228
2012.05.01,20:17,81.26650,81.26850,81.26450,81.26450,41
2012.05.01,20:18,81.26650,81.27250,81.26600,81.26950,69
2012.05.01,20:19,81.27100,81.27150,81.26350,81.26450,47
2012.05.01,20:20,81.26500,81.26750,81.26500,81.26750,21
2012.05.01,20:21,81.26750,81.27150,81.26750,81.26950,44
2012.05.01,20:22,81.26950,81.27150,81.26850,81.26850,12
2012.05.01,20:23,81.26550,81.27050,81.26350,81.26350,55
2012.05.01,20:24,81.26350,81.26900,81.26350,81.26800,33
2012.05.01,20:25,81.26750,81.26950,81.26350,81.26850,130
2012.05.01,20:26,81.27050,81.27350,81.27050,81.27150,56
2012.05.01,20:27,81.27200,81.28100,81.26650,81.26850,118
2012.05.01,20:28,81.27050,81.27450,81.27050,81.27050,45
2012.05.01,20:29,81.27300,81.27550,81.26900,81.27550,29
2012.05.01,20:30,81.27550,81.27700,81.25150,81.25850,144
2012.05.01,20:31,81.26000,81.26800,81.25850,81.25850,116
2012.05.01,20:32,81.26150,81.26250,81.25550,81.25950,105
2012.05.01,20:33,81.26050,81.26650,81.25850,81.26650,59
2012.05.01,20:34,81.27100,81.27150,81.25850,81.25900,139
2012.05.01,20:35,81.26050,81.26600,81.25250,81.25300,94
2012.05.01,20:36,81.25250,81.26000,81.24950,81.25850,40
2012.05.01,20:37,81.26000,81.26050,81.25750,81.25750,48
2012.05.01,20:38,81.25550,81.27250,81.25550,81.27050,45
2012.05.01,20:39,81.27100,81.27350,81.27100,81.27350,17
2012.05.01,20:40,81.27350,81.27350,81.27250,81.27250,14
2012.05.01,20:41,81.27350,81.27350,81.27150,81.27150,11
2012.05.01,20:42,81.27200,81.27850,81.27200,81.27550,55
2012.05.01,20:43,81.27450,81.28200,81.27250,81.27250,73
2012.05.01,20:44,81.27250,81.27750,81.26100,81.26100,171
2012.05.01,20:45,81.25950,81.27700,81.25650,81.26450,165
2012.05.01,20:46,81.26550,81.27300,81.26250,81.26250,68
2012.05.01,20:47,81.26450,81.27700,81.26400,81.27150,176
2012.05.01,20:48,81.27550,81.27650,81.26100,81.26200,78
2012.05.01,20:49,81.26250,81.28300,81.26250,81.27100,126
2012.05.01,20:50,81.27200,81.27200,81.26200,81.26550,167
2012.05.01,20:51,81.26500,81.26700,81.26300,81.26650,94
2012.05.01,20:52,81.26700,81.26700,81.25500,81.25500,110
2012.05.01,20:53,81.25350,81.25700,81.25350,81.25600,20
2012.05.01,20:54,81.25650,81.25650,81.23050,81.23050,65
2012.05.01,20:55,81.23050,81.24000,81.23050,81.24000,71
2012.05.01,20:56,81.23900,81.24000,81.23100,81.23150,51
2012.05.01,20:57,81.22900,81.23200,81.22500,81.23100,68
2012.05.01,20:58,81.22900,81.23100,81.22700,81.22700,26
2012.05.01,20:59,81.22950,81.25650,81.22250,81.25650,92
2012.05.01,21:00,81.25600,81.27750,81.23750,81.26500,81
2012.05.01,21:01,81.26400,81.26500,81.26050,81.26050,6
2012.05.01,21:02,81.26500,81.26900,81.25100,81.26150,40
2012.05.01,21:03,81.25850,81.26200,81.25500,81.25950,28
2012.05.01,21:04,81.26250,81.26250,81.24500,81.24600,38
2012.05.01,21:05,81.24250,81.25500,81.23600,81.24800,50
2012.05.01,21:06,81.24500,81.24800,81.24000,81.24400,41
2012.05.01,21:07,81.24150,81.24750,81.23350,81.23750,18
2012.05.01,21:08,81.24000,81.24050,81.23150,81.23450,62
2012.05.01,21:09,81.23200,81.23900,81.23050,81.23900,29
2012.05.01,21:10,81.23750,81.23850,81.22000,81.22000,36
2012.05.01,21:11,81.22500,81.22500,81.22500,81.22500,2
2012.05.01,21:12,81.22000,81.22450,81.21000,81.21300,29
2012.05.01,21:13,81.21150,81.21450,81.20900,81.21000,31
2012.05.01,21:14,81.21450,81.21800,81.21000,81.21600,36
2012.05.01,21:15,81.21650,81.22150,81.21200,81.21200,33
2012.05.01,21:16,81.21450,81.22050,81.21000,81.22050,16
2012.05.01,21:17,81.21650,81.21650,81.21250,81.21250,4
2012.05.01,21:18,81.21150,81.21500,81.21050,81.21050,8
2012.05.01,21:19,81.21000,81.21500,81.20950,81.21500,6
2012.05.01,21:20,81.21450,81.21500,81.21450,81.21500,8
2012.05.01,21:21,81.21500,81.22000,81.21500,81.21950,15
2012.05.01,21:22,81.22000,81.22050,81.22000,81.22050,8
2012.05.01,21:23,81.22250,81.22300,81.21750,81.22300,37
2012.05.01,21:24,81.22300,81.23600,81.22300,81.23500,42
2012.05.01,21:25,81.23800,81.24150,81.23600,81.23950,56
2012.05.01,21:26,81.23750,81.24000,81.21950,81.23250,78
2012.05.01,21:27,81.23500,81.24150,81.23000,81.24150,43
2012.05.01,21:28,81.23700,81.23700,81.20950,81.22800,117
2012.05.01,21:29,81.22750,81.23100,81.21600,81.22650,104
2012.05.01,21:30,81.22750,81.24050,81.20500,81.23950,70
2012.05.01,21:31,81.23950,81.24300,81.21650,81.22950,118
2012.05.01,21:32,81.22450,81.22900,81.20600,81.22050,89
2012.05.01,21:33,81.21950,81.21950,81.20850,81.21350,35
2012.05.01,21:34,81.21300,81.22800,81.21150,81.22800,97
2012.05.01,21:35,81.22450,81.22450,81.20050,81.20800,66
2012.05.01,21:36,81.20800,81.22350,81.20050,81.21900,111
2012.05.01,21:37,81.21650,81.21650,81.21100,81.21100,38
2012.05.01,21:38,81.21000,81.21200,81.20200,81.20200,28
2012.05.01,21:39,81.20250,81.21500,81.20250,81.21500,25
2012.05.01,21:40,81.21100,81.21450,81.21100,81.21450,25
2012.05.01,21:41,81.21450,81.22350,81.21450,81.22350,62
2012.05.01,21:42,81.22350,81.22350,81.21800,81.21800,9
2012.05.01,21:43,81.21800,81.22950,81.21800,81.22950,28
2012.05.01,21:44,81.23050,81.23250,81.22850,81.23250,19
2012.05.01,21:45,81.23950,81.23950,81.23400,81.23650,13
2012.05.01,21:46,81.23350,81.23400,81.23300,81.23400,7
2012.05.01,21:47,81.23350,81.23350,81.22900,81.22900,29
2012.05.01,21:48,81.22900,81.22950,81.22900,81.22900,8
2012.05.01,21:49,81.23050,81.23950,81.23050,81.23800,27
2012.05.01,21:50,81.23950,81.24000,81.23700,81.24000,23
2012.05.01,21:51,81.24500,81.24500,81.23650,81.23650,11
2012.05.01,21:52,81.23650,81.24400,81.23300,81.23650,30
2012.05.01,21:53,81.24000,81.24000,81.22500,81.22500,66
2012.05.01,21:54,81.23000,81.23100,81.22950,81.22950,18
2012.05.01,21:55,81.22700,81.23400,81.22650,81.23400,22
2012.05.01,21:56,81.23350,81.24150,81.23350,81.24000,34
2012.05.01,21:57,81.23900,81.23950,81.23850,81.23900,16
2012.05.01,21:58,81.24100,81.26700,81.24100,81.25600,35
2012.05.01,21:59,81.25850,81.26600,81.24600,81.26300,41
2012.05.01,22:00,81.26350,81.26350,81.24650,81.26250,113
2012.05.01,22:01,81.26000,81.27550,81.25550,81.26550,115
2012.05.01,22:02,81.26800,81.27900,81.26700,81.27500,58
2012.05.01,22:03,81.27300,81.27300,81.26750,81.27250,19
2012.05.01,22:04,81.27350,81.27900,81.27150,81.27150,22
2012.05.01,22:05,81.26950,81.27300,81.26850,81.26950,33
2012.05.01,22:06,81.26900,81.26900,81.25850,81.26050,38
2012.05.01,22:07,81.26000,81.26550,81.25350,81.25900,84
2012.05.01,22:08,81.25550,81.26650,81.25300,81.26050,82
2012.05.01,22:09,81.26300,81.26300,81.25400,81.26050,88
2012.05.01,22:10,81.26100,81.27800,81.26050,81.27450,83
2012.05.01,22:11,81.27350,81.28000,81.25850,81.26700,183
2012.05.01,22:12,81.26300,81.27850,81.26050,81.27050,136
2012.05.01,22:13,81.26900,81.27450,81.26450,81.27050,84
2012.05.01,22:14,81.27100,81.28200,81.27050,81.28200,58
2012.05.01,22:15,81.28150,81.28800,81.28100,81.28700,35
2012.05.01,22:16,81.28650,81.29800,81.27800,81.28850,47
2012.05.01,22:17,81.28900,81.29950,81.28500,81.29800,81
2012.05.01,22:18,81.29850,81.30050,81.28750,81.29050,137
2012.05.01,22:19,81.29000,81.29000,81.27950,81.28450,74
2012.05.01,22:20,81.28500,81.28750,81.27850,81.28350,146
2012.05.01,22:21,81.28450,81.29950,81.27950,81.29550,260
2012.05.01,22:22,81.29800,81.29900,81.28800,81.29750,177
2012.05.01,22:23,81.29500,81.30300,81.28800,81.30250,163
2012.05.01,22:24,81.30250,81.31500,81.29850,81.31500,166
2012.05.01,22:25,81.31500,81.31500,81.30850,81.30950,83
2012.05.01,22:26,81.31250,81.31250,81.31250,81.31250,21
2012.05.01,22:27,81.31250,81.32350,81.29250,81.29550,327
2012.05.01,22:28,81.29550,81.29550,81.28050,81.28350,68
2012.05.01,22:29,81.28350,81.28850,81.27950,81.28650,140
2012.05.01,22:30,81.28450,81.28450,81.27850,81.27850,63
2012.05.01,22:31,81.27850,81.28150,81.27850,81.27850,32
2012.05.01,22:32,81.28050,81.28150,81.27650,81.27650,72
2012.05.01,22:33,81.27550,81.28600,81.27350,81.27850,97
2012.05.01,22:34,81.27700,81.29100,81.27700,81.27850,95
2012.05.01,22:35,81.28150,81.28950,81.27200,81.27200,110
2012.05.01,22:36,81.27450,81.27450,81.27300,81.27300,10
2012.05.01,22:37,81.27600,81.27600,81.26850,81.26950,32
2012.05.01,22:38,81.26950,81.27850,81.26950,81.27850,31
2012.05.01,22:39,81.27900,81.28250,81.27850,81.28250,27
2012.05.01,22:40,81.28200,81.28200,81.28100,81.28150,14
2012.05.01,22:41,81.28100,81.28100,81.27900,81.27900,26
2012.05.01,22:42,81.28100,81.28100,81.28050,81.28100,19
2012.05.01,22:43,81.28150,81.28150,81.27900,81.27900,31
2012.05.01,22:44,81.27900,81.27900,81.27000,81.27900,53
2012.05.01,22:45,81.27900,81.28250,81.27650,81.27650,36
2012.05.01,22:46,81.27650,81.27650,81.27350,81.27350,16
2012.05.01,22:47,81.27750,81.27750,81.27650,81.27650,6
2012.05.01,22:48,81.27500,81.27500,81.27150,81.27150,15
2012.05.01,22:49,81.27100,81.27100,81.27000,81.27000,9
2012.05.01,22:50,81.27150,81.27250,81.27100,81.27100,28
2012.05.01,22:51,81.27100,81.27250,81.26700,81.26750,47
2012.05.01,22:52,81.26750,81.27300,81.26200,81.26450,71
2012.05.01,22:53,81.26450,81.27800,81.25750,81.25750,99
2012.05.01,22:54,81.25900,81.27150,81.25700,81.27150,90
2012.05.01,22:55,81.27550,81.27650,81.27050,81.27150,52
2012.05.01,22:56,81.27250,81.27700,81.27100,81.27250,24
2012.05.01,22:57,81.27250,81.27850,81.27250,81.27550,41
2012.05.01,22:58,81.27700,81.28450,81.27700,81.28100,52
2012.05.01,22:59,81.28100,81.29800,81.28000,81.29650,162
2012.05.01,23:00,81.29950,81.31350,81.29950,81.31100,139
2012.05.01,23:01,81.31350,81.31400,81.30800,81.30800,52
2012.05.01,23:02,81.30650,81.30650,81.29100,81.29100,38
2012.05.01,23:03,81.29300,81.29750,81.29100,81.29400,52
2012.05.01,23:04,81.29500,81.29500,81.29050,81.29350,30
2012.05.01,23:05,81.29450,81.29450,81.29450,81.29450,3
2012.05.01,23:06,81.29400,81.29400,81.29400,81.29400,4
2012.05.01,23:07,81.29550,81.29650,81.29550,81.29650,11
2012.05.01,23:08,81.29750,81.30050,81.29450,81.30000,51
2012.05.01,23:09,81.29950,81.30000,81.29950,81.29950,11
2012.05.01,23:10,81.30000,81.30400,81.29400,81.29500,61
2012.05.01,23:11,81.29350,81.29350,81.28900,81.29150,46
2012.05.01,23:12,81.29250,81.29250,81.29050,81.29250,24
2012.05.01,23:13,81.29400,81.29700,81.29400,81.29700,9
2012.05.01,23:14,81.29200,81.30250,81.29200,81.30050,42
2012.05.01,23:15,81.30050,81.30450,81.30000,81.30000,27
2012.05.01,23:16,81.30000,81.30000,81.29400,81.29700,52
2012.05.01,23:17,81.29700,81.30000,81.28850,81.29150,62
2012.05.01,23:18,81.29450,81.30050,81.29300,81.29550,43
2012.05.01,23:19,81.29650,81.30300,81.29400,81.29400,67
2012.05.01,23:20,81.29400,81.29700,81.29400,81.29700,8
2012.05.01,23:21,81.30000,81.30650,81.30000,81.30150,33
2012.05.01,23:22,81.30400,81.30400,81.30400,81.30400,7
2012.05.01,23:23,81.30400,81.30400,81.29150,81.29150,29
2012.05.01,23:24,81.29150,81.29600,81.28000,81.29500,106
2012.05.01,23:25,81.29800,81.30050,81.29500,81.29950,74
2012.05.01,23:26,81.29950,81.31950,81.29950,81.31100,103
2012.05.01,23:27,81.31250,81.31300,81.30400,81.30750,48
2012.05.01,23:28,81.30800,81.32200,81.30550,81.31300,198
2012.05.01,23:29,81.31600,81.32350,81.30850,81.32350,55
2012.05.01,23:30,81.32150,81.32150,81.31350,81.31700,266
2012.05.01,23:31,81.31700,81.33300,81.31300,81.32650,188
2012.05.01,23:32,81.32350,81.32350,81.31800,81.32100,38
2012.05.01,23:33,81.31800,81.33300,81.31800,81.33300,44
2012.05.01,23:34,81.33000,81.33200,81.32550,81.32950,76
2012.05.01,23:35,81.32950,81.34700,81.32700,81.34100,108
2012.05.01,23:36,81.34100,81.34400,81.33800,81.34350,61
2012.05.01,23:37,81.34500,81.34500,81.33500,81.34000,34
2012.05.01,23:38,81.34300,81.34850,81.33700,81.34250,83
2012.05.01,23:39,81.34000,81.34600,81.33750,81.34150,58
2012.05.01,23:40,81.34150,81.35450,81.34150,81.35000,103
2012.05.01,23:41,81.34700,81.35150,81.34550,81.34750,67
2012.05.01,23:42,81.34750,81.36100,81.34750,81.35500,95
2012.05.01,23:43,81.35500,81.36900,81.35500,81.35650,108
2012.05.01,23:44,81.35700,81.36750,81.35000,81.36450,49
2012.05.01,23:45,81.36450,81.36800,81.36050,81.36600,69
2012.05.01,23:46,81.36300,81.36550,81.34800,81.34900,145
2012.05.01,23:47,81.35300,81.35650,81.34800,81.35400,115
2012.05.01,23:48,81.35650,81.35650,81.35400,81.35400,27
2012.05.01,23:49,81.35400,81.35900,81.34300,81.34600,113
2012.05.01,23:50,81.34850,81.34850,81.33000,81.33300,95
2012.05.01,23:51,81.33400,81.34900,81.33400,81.34700,121
2012.05.01,23:52,81.35000,81.35850,81.34550,81.35850,131
2012.05.01,23:53,81.35850,81.37000,81.35200,81.36200,167
2012.05.01,23:54,81.36450,81.37150,81.36450,81.36550,77
2012.05.01,23:55,81.36550,81.37650,81.36300,81.37400,106
2012.05.01,23:56,81.37400,81.38300,81.37200,81.38000,105
2012.05.01,23:57,81.38000,81.39100,81.37750,81.37950,140
2012.05.01,23:58,81.37950,81.39100,81.37850,81.37850,164
2012.05.01,23:59,81.37600,81.38500,81.37600,81.38500,45
